timestamp,station_id,location_type,vehicle_type,battery_capacity_kWh,initial_soc,energy_consumed_kWh,electricity_price,renewable_energy_ratio,queue_length,traffic_density,station_load,charging_priority
2025-01-01 00:00:00,ST04,Suburban,Commercial,48.12132609839704,35.18891991508576,34.94547151805277,0.34463061819176044,0.23409757660432107,6,0.4226078792741066,58.9171459299381,2
2025-01-01 01:00:00,ST05,Suburban,Passenger,51.85835323546781,34.8990703966705,31.00619736029124,0.41163757735270823,0.7702059562802716,2,0.45121014325756703,33.790687960953974,1
2025-01-01 02:00:00,ST03,Highway,Passenger,50.83109370354542,25.373945196893303,23.052118451542356,0.387613335515955,0.8685920876690001,1,0.9540204523357757,30.598982882134045,1
2025-01-01 03:00:00,ST05,Urban,Bus,55.748235107275875,42.59931010446684,42.049821447317825,0.2987080452508655,0.13270967799253564,3,0.47568395378296036,48.24329289211717,0
2025-01-01 04:00:00,ST05,Highway,Bus,71.515505126895,48.27257412949774,47.17817169547382,0.11648721838067982,0.16242549652308425,4,0.7499002626622022,49.59282642495335,0
2025-01-01 05:00:00,ST02,Urban,Bus,46.67252484029312,39.87868101526036,21.722245988446225,0.3337072808258004,0.8077796026516518,2,0.30290204520905284,20.896326203198207,0
2025-01-01 06:00:00,ST03,Urban,Commercial,92.09015771959025,32.98715301905192,38.07558642185088,0.1194266612237184,0.7524418032257026,1,0.7793066511884315,25.102207508184296,0
2025-01-01 07:00:00,ST03,Urban,Commercial,57.84169187850834,32.30568031196016,26.401485071380048,0.3414906870140524,0.5943475644090349,3,0.3226623664973406,30.373127339860527,0
2025-01-01 08:00:00,ST03,Highway,Bus,49.75227924812247,43.2261455712648,32.016546147481904,0.42016434499747135,0.8559721671889103,2,0.4300235873450098,23.765467183075863,0
2025-01-01 09:00:00,ST05,Urban,Commercial,80.53727857589459,29.354169459708427,37.9909237690569,0.3339966994807675,0.6171444623936025,7,0.47948227781169783,60.617712616037714,2
2025-01-01 10:00:00,ST04,Highway,Bus,42.285178035959156,41.17369488119702,20.73264394039812,0.49880872182467884,0.27278822058360264,3,0.9263629694180113,31.562508282038472,1
2025-01-01 11:00:00,ST03,Suburban,Commercial,77.19811389244985,27.89983648284106,31.655541321844304,0.28234660007217327,0.6829138589735202,3,0.05345354780486755,36.173977443362986,1
2025-01-01 12:00:00,ST05,Suburban,Passenger,81.89190584058998,7.809992373826586,56.43763055233126,0.39953098544159504,0.6165682757965099,6,0.1968671510108072,64.08087751732647,2
2025-01-01 13:00:00,ST02,Urban,Passenger,52.89499188320315,22.277615400686987,38.30368409236615,0.36688531669676305,0.8885957616080236,5,0.7057427461975039,49.26127026074917,2
2025-01-01 14:00:00,ST04,Highway,Bus,42.51784440661806,24.999843095217443,30.559244480924995,0.49657267662323523,0.2711165890998334,5,0.5775776598819687,50.936859772834154,2
2025-01-01 15:00:00,ST02,Suburban,Commercial,61.81872153516697,11.372776024397774,27.88192862444468,0.3852876020308421,0.5783079490900792,5,0.25153139041497585,42.202456882274156,2
2025-01-01 16:00:00,ST04,Highway,Commercial,45.91565381451619,9.612334813514575,34.956526267984266,0.16561229258375576,0.724134017780098,7,0.2892008874910048,46.51396346893047,2
2025-01-01 17:00:00,ST05,Highway,Passenger,46.98867098040022,29.095922734562937,31.431263882258545,0.4822070825668964,0.3711864714705366,1,0.36730948560867993,19.44556604419612,1
2025-01-01 18:00:00,ST01,Urban,Passenger,55.25567388669187,8.831463645023696,41.939689099487886,0.3671108905783046,0.40374366647859017,4,0.4503469493303285,41.85249895341323,2
2025-01-01 19:00:00,ST04,Suburban,Bus,57.72807547760556,18.63253255505378,33.41671633350236,0.12373529232255596,0.8103214706626566,0,0.818027323252778,24.939850280716612,0
2025-01-01 20:00:00,ST02,Urban,Passenger,71.79822046128524,38.50686391833842,41.26832076360114,0.36302732231384505,0.4233559036871051,4,0.013815476471962573,38.62702532464773,1
2025-01-01 21:00:00,ST05,Urban,Bus,80.7035131301808,48.39944808055913,57.60734654678944,0.45324776266991007,0.5997862815164916,6,0.8980197412134784,65.13896234168263,2
2025-01-01 22:00:00,ST04,Suburban,Passenger,75.56625645221109,37.304176124836786,33.04657045024321,0.33081674479601003,0.8113905100214605,2,0.41302711163152817,33.558407546839476,0
2025-01-01 23:00:00,ST01,Suburban,Passenger,48.901620237371006,49.66814968037916,29.749281827358665,0.24160785521280448,0.2678612664724491,2,0.23049751756641312,31.114198114031062,0
2025-01-02 00:00:00,ST01,Highway,Commercial,50.32516194715758,36.42520870757312,36.96653362213945,0.42836385362824647,0.8855018370820846,3,0.5084126995273452,35.47463420991021,1
2025-01-02 01:00:00,ST03,Suburban,Passenger,92.72615498757487,18.22075117944474,67.8826877041184,0.4130048032823318,0.6615628271762606,2,0.6596700426995783,46.28937010878035,2
2025-01-02 02:00:00,ST03,Highway,Passenger,73.50113890384682,35.24236432274128,57.51119711535964,0.3176728616925203,0.4968973553131558,7,0.044752219193603504,70.52412786757381,2
2025-01-02 03:00:00,ST02,Highway,Bus,92.19626997386135,36.59705443386068,62.629759408940785,0.16174470795836016,0.4447364514807982,2,0.7157773516660826,62.10304909620834,1
2025-01-02 04:00:00,ST04,Highway,Passenger,62.292790679192464,21.727714307740726,30.09416120326621,0.20039459420927255,0.8634916924412036,4,0.7607611875838625,37.94518759637205,1
2025-01-02 05:00:00,ST04,Suburban,Bus,76.86400044587943,5.797123277422505,31.369130631591627,0.3953935888744423,0.26457986202373307,3,0.1661822843234193,36.80208678843615,2
2025-01-02 06:00:00,ST03,Urban,Passenger,71.41980496327665,36.64399031489691,42.26383511901511,0.42243286615797104,0.3493466054767691,2,0.1678814283769029,32.11560248972469,1
2025-01-02 07:00:00,ST04,Highway,Passenger,59.147409389227754,5.976504287399373,35.81266489361356,0.21170611121639593,0.3462342044383398,3,0.20378455454087685,38.32410386319039,2
2025-01-02 08:00:00,ST04,Urban,Bus,68.19492232201571,33.4034635127032,33.83184424352283,0.24719403087471467,0.33120506778757075,2,0.7966287120673038,30.117462270098923,0
2025-01-02 09:00:00,ST01,Urban,Commercial,70.14945260961592,12.362741993414978,31.558764106861283,0.13105275409991807,0.4748304361725514,1,0.2720030559311891,17.240672939771468,0
2025-01-02 10:00:00,ST03,Suburban,Bus,52.04625848540071,30.45215874866195,33.02248009168188,0.3853847793466,0.8913433866142666,3,0.7959358380543545,33.85688130883745,1
2025-01-02 11:00:00,ST05,Urban,Bus,58.900622342603896,27.676086142127,41.566302868596814,0.10143101784001254,0.811029413372974,3,0.540523858938849,38.36769893695643,0
2025-01-02 12:00:00,ST03,Urban,Bus,87.48458503041854,5.608113903778216,69.74810386170442,0.11861660848762723,0.3623596546571889,0,0.7671713301718087,41.3722236478515,2
2025-01-02 13:00:00,ST05,Suburban,Commercial,94.94729436724762,21.328961764779656,66.77843047319561,0.10173762711363597,0.4382960925841102,2,0.5536730416796108,53.651582869194364,1
2025-01-02 14:00:00,ST01,Highway,Passenger,61.587645612717964,32.04910253283362,44.18623899546258,0.3581278333350467,0.635584597108745,3,0.33576889921179076,36.28348905611967,1
2025-01-02 15:00:00,ST02,Urban,Bus,58.418336932541095,43.18729483544509,37.77238248905647,0.26695485108021866,0.11372134455729128,1,0.9107141426580582,29.804187908314162,0
2025-01-02 16:00:00,ST04,Suburban,Bus,51.711829874312954,44.98889512264328,41.078277873680314,0.2190187045373321,0.7561229269485182,2,0.7152956618574642,48.09468892731342,0
2025-01-02 17:00:00,ST01,Urban,Commercial,80.70947011903488,26.77324865149505,52.94400434436995,0.46508040414284413,0.8038384458495357,5,0.48405480251567157,56.57942885247198,2
2025-01-02 18:00:00,ST04,Urban,Bus,59.38598209998024,37.779011928474716,44.189187347024905,0.17712111787064266,0.7857602674596272,4,0.6374284763752694,49.89546612360259,0
2025-01-02 19:00:00,ST02,Highway,Passenger,99.2649723459513,19.240455944005596,77.25930364011406,0.25574720415256025,0.40004350950842893,2,0.615843355868993,58.514618336518744,2
2025-01-02 20:00:00,ST02,Urban,Commercial,59.5410881238372,20.398388259139587,45.96235001793609,0.47612472037110065,0.4695996058913665,3,0.35811621650427006,38.94314213255769,2
2025-01-02 21:00:00,ST01,Suburban,Passenger,63.648162806957686,13.750858363204118,35.169819482061,0.27084262513481694,0.10991065752300466,2,0.4237717467795218,31.73090388828791,1
2025-01-02 22:00:00,ST02,Urban,Passenger,76.20005177272208,30.287664949695767,32.87764187552699,0.3218774742588231,0.41951627843484063,2,0.31825677763312066,28.009104882874976,0
2025-01-02 23:00:00,ST05,Highway,Commercial,88.1010575914783,19.155386791731438,41.29732502293964,0.13213474662779504,0.4683414578932812,6,0.999518131415453,60.22864835985859,2
2025-01-03 00:00:00,ST02,Highway,Bus,68.17111992073802,8.796690339732727,28.88337559001306,0.41606655475738497,0.825579434454783,2,0.5800644539843893,34.45854572586317,2
2025-01-03 01:00:00,ST04,Suburban,Passenger,65.3593620273375,35.82527389984304,28.899215378962783,0.26910351083529527,0.815190139005798,3,0.09205532109746228,33.74349081746301,0
2025-01-03 02:00:00,ST04,Highway,Passenger,99.7382700156885,36.848894342242914,47.26202633494697,0.42020604983939336,0.8728776512703277,2,0.5191071837016356,27.410681270718214,0
2025-01-03 03:00:00,ST04,Urban,Passenger,40.629618468396664,21.199658845057602,21.79526016523252,0.20151905702239686,0.8080839880724163,3,0.04996196467183989,31.38664126000173,1
2025-01-03 04:00:00,ST04,Highway,Passenger,93.70391733107475,8.452552975521026,57.8542845759629,0.26899150022456403,0.1065605675421165,4,0.28865204831296587,50.08503410391977,2
2025-01-03 05:00:00,ST05,Suburban,Commercial,48.94844955638425,24.183397283154168,33.513673175564136,0.4146195745460042,0.6131686818657758,1,0.44596111597618315,28.19046627197408,1
2025-01-03 06:00:00,ST03,Highway,Commercial,87.1555165725348,24.905095612259696,42.21559900406661,0.48955110681745595,0.15459014648243263,2,0.5342704866019119,34.41267809110375,2
2025-01-03 07:00:00,ST01,Highway,Passenger,77.07589359077788,35.090189820405186,51.56446354290032,0.12385020975490756,0.31807542910398834,6,0.9761813997282548,65.28502092630693,1
2025-01-03 08:00:00,ST04,Highway,Bus,60.51083712988552,19.193737606640756,41.250457313738146,0.4249824709675617,0.5626461035764643,1,0.9822217238041521,42.02389646864927,2
2025-01-03 09:00:00,ST02,Suburban,Passenger,92.4324973312611,35.716967590158745,57.6269419971312,0.2202756270508441,0.6604910547260311,1,0.0980693699063544,36.4745427275821,0
2025-01-03 10:00:00,ST04,Highway,Bus,40.774433678859516,44.216984379082476,31.047576232799745,0.3202973123564289,0.6237056207336762,3,0.5381326727628892,42.22597121449196,0
2025-01-03 11:00:00,ST02,Highway,Passenger,53.60143912449542,15.686871906298993,23.82036835442402,0.21603690598029918,0.13924669392691458,3,0.817109395192114,34.8264333330429,1
2025-01-03 12:00:00,ST02,Urban,Bus,74.01356777497216,49.05138002539549,34.84918351265228,0.3453781890271961,0.18288309565564165,1,0.23771282025275475,24.027176585854757,0
2025-01-03 13:00:00,ST04,Suburban,Passenger,61.09253560298188,22.386566171156314,34.91230265949699,0.24152113225759023,0.20286945034501871,2,0.7505630985884716,35.02267264142321,1
2025-01-03 14:00:00,ST05,Highway,Bus,76.62264971909966,17.02664083161778,34.532686098360706,0.2334459563910726,0.1731315014157529,2,0.8786190557049793,29.70514977395032,1
2025-01-03 15:00:00,ST02,Suburban,Passenger,41.44661160452001,23.968003212963072,25.96706717063588,0.11517532517437422,0.24258753861545782,3,0.6624873960354586,21.15336453221086,0
2025-01-03 16:00:00,ST02,Highway,Passenger,46.98753582890275,9.247886415673662,26.282956811185866,0.15878416236152462,0.6507902330492474,4,0.32770334884511887,32.514832429730376,1
2025-01-03 17:00:00,ST04,Highway,Bus,47.625774413106356,10.656765793045205,24.47194780903711,0.4668312795461915,0.7646698009273223,2,0.9231323193405726,36.6034642975243,2
2025-01-03 18:00:00,ST02,Highway,Commercial,51.35701875496056,23.649532113574914,24.03487550810384,0.4993109715492986,0.42705111205872825,4,0.8835200936741688,47.95532647089912,2
2025-01-03 19:00:00,ST02,Urban,Bus,67.55988644803257,39.3100034872595,36.08611990100838,0.4122082303478426,0.6542252051426749,4,0.7158253187940375,35.189493844570265,1
2025-01-03 20:00:00,ST04,Urban,Commercial,85.12772197261427,45.51405078085209,54.75276662436837,0.21472504990939473,0.2600130090126612,4,0.3636681134371731,57.44645108547766,0
2025-01-03 21:00:00,ST04,Urban,Passenger,94.33233027573407,34.91680958223219,59.458996382894895,0.260978055377437,0.8786241213067265,5,0.7918963623947993,59.68684254217612,1
2025-01-03 22:00:00,ST01,Suburban,Bus,90.12235181705476,9.734879985717637,41.94741261188612,0.3958013819624331,0.3799980182860947,4,0.3161089815021412,37.002795993131805,2
2025-01-03 23:00:00,ST05,Suburban,Bus,51.813272306541016,35.240889298124074,23.31431059077081,0.48740542275327925,0.7766935249638681,5,0.2529528513335707,44.482817354902416,2
2025-01-04 00:00:00,ST05,Urban,Bus,66.46903313383794,33.59425643163374,27.296884700636248,0.28218846829174704,0.8562930981035096,2,0.5150133869112811,26.27135709221993,0
2025-01-04 01:00:00,ST02,Suburban,Commercial,51.9646958655121,41.25937632319991,21.044155227184874,0.4318089661153499,0.7917711703002418,2,0.9971352250012507,43.57110567730065,1
2025-01-04 02:00:00,ST05,Highway,Commercial,55.868309000031445,42.13618999934814,42.008732113708454,0.49002756903948674,0.15365412123223116,5,0.8043219414341211,50.6813723532378,1
2025-01-04 03:00:00,ST02,Highway,Passenger,70.21281889071317,44.06913841005405,29.351453828563624,0.4493892684224018,0.6202457258458048,1,0.7297927321183237,25.591879398168533,0
2025-01-04 04:00:00,ST01,Highway,Commercial,44.08654148341135,23.635918156059425,30.529420510953727,0.1908598987085308,0.19607256525724095,1,0.4520127466939773,19.90237781154519,0
2025-01-04 05:00:00,ST04,Urban,Commercial,53.09045977559639,36.40389779084649,39.753819781083536,0.10321274555024917,0.10453040042063738,1,0.31195000918581606,28.745912600003383,0
2025-01-04 06:00:00,ST04,Suburban,Passenger,96.12268967842704,17.071266151503984,42.219309530532136,0.29683268215536607,0.14142675515445396,3,0.8559007631505159,48.653987254123805,2
2025-01-04 07:00:00,ST04,Urban,Bus,67.96697755950933,49.970132599257695,39.04842665694,0.3125443326781068,0.8329193571576459,2,0.5677327799810192,26.550163509177608,0
2025-01-04 08:00:00,ST05,Suburban,Bus,66.72319155867234,12.890040861958697,52.37244713699658,0.18050014582046786,0.826770811408315,6,0.8132549511218989,67.59776643053229,2
2025-01-04 09:00:00,ST01,Highway,Passenger,40.87402928507673,5.455149424737612,29.98745492925297,0.21386975677872708,0.28065951021122704,1,0.48775370957097863,22.82795221662331,1
2025-01-04 10:00:00,ST05,Urban,Bus,54.84398482350075,11.69639215331792,32.68052212588803,0.4060612643394188,0.537648971838901,1,0.7539574940121003,24.575293096456257,2
2025-01-04 11:00:00,ST05,Suburban,Commercial,91.97754615893088,39.9142530294857,64.84678635407329,0.2881389034852535,0.8640226098127409,2,0.8677410586716948,44.094662405401714,0
2025-01-04 12:00:00,ST01,Suburban,Passenger,49.87770569552012,25.105265442869516,36.57786783206174,0.22694163344010265,0.49736490375741005,3,0.39139002646999954,42.09595168251659,1
2025-01-04 13:00:00,ST01,Highway,Passenger,64.90749637208327,25.137511151469273,34.998822089056894,0.34905041094476774,0.4148622561166063,3,0.013569569904015921,34.06854514284185,1
2025-01-04 14:00:00,ST01,Urban,Passenger,40.85985435202007,47.976031382525086,30.925237038022622,0.3611039023904502,0.4865989552356996,3,0.254926566020909,30.101490463550007,0
2025-01-04 15:00:00,ST01,Urban,Bus,68.70012890023335,46.383570861263344,40.40868264246989,0.40775831073632085,0.7321726092415554,0,0.9149150410844089,33.250786735614284,0
2025-01-04 16:00:00,ST04,Urban,Passenger,41.26126640357303,19.003763201180412,25.21570665645658,0.16268371830516765,0.48182210602658826,3,0.687542260552291,37.1324066518368,1
2025-01-04 17:00:00,ST03,Highway,Passenger,89.176573183948,14.407615795138977,71.33082980428732,0.3966069009307961,0.7266221450258956,3,0.7372187164369404,62.37683908851994,2
2025-01-04 18:00:00,ST03,Urban,Passenger,89.49122604922621,43.18169944701829,65.9837769684529,0.3397713568441674,0.44535795651274634,1,0.32528861426542144,49.44776910841393,1
2025-01-04 19:00:00,ST01,Highway,Bus,87.26453129814219,45.77085819699634,47.533688515859,0.12302874612111886,0.3016045369691063,1,0.7012729846749951,36.86716602973596,0
2025-01-04 20:00:00,ST03,Highway,Commercial,57.00184413346709,29.371861525931912,23.036624884428672,0.41097825130136445,0.36117818385489653,2,0.6462821454094252,37.64301275539523,1
2025-01-04 21:00:00,ST03,Highway,Passenger,90.23423309330909,33.32406700026952,58.694628170005714,0.25323211253327405,0.16225877170973277,4,0.178373663477029,58.268948748046355,1
2025-01-04 22:00:00,ST01,Suburban,Commercial,72.57988795631616,16.561142811153204,49.46793822225634,0.23215237373185504,0.4979049155274211,4,0.9686907774306446,58.33808398857761,2
2025-01-04 23:00:00,ST03,Urban,Bus,62.428486532020145,41.03612095903361,41.222845403455445,0.27923006063265376,0.21848873991121842,5,0.35402559334774,40.69552574777963,0
2025-01-05 00:00:00,ST05,Urban,Bus,77.51979758225397,33.44550928020604,61.019316452764265,0.23847003092245164,0.7492376050677864,4,0.32928697384004224,54.35148836863186,1
2025-01-05 01:00:00,ST02,Highway,Bus,40.74046276362244,27.658108008409847,30.359320707493065,0.23531423688396363,0.43647245932551537,3,0.369161544230198,35.10290378509662,1
2025-01-05 02:00:00,ST02,Highway,Bus,48.57765265604513,7.704885023527812,28.15233709935972,0.42323106708025027,0.7120018591933784,0,0.09171961532076933,16.071220480521404,2
2025-01-05 03:00:00,ST01,Urban,Commercial,84.53761229021578,46.21707331300192,35.94057367827721,0.14980210174627692,0.8635683420309068,3,0.6249635170932158,38.670884674209134,0
2025-01-05 04:00:00,ST04,Highway,Passenger,54.64969652296918,32.69531391729827,32.26646552134058,0.4882400271429834,0.7795823597705888,4,0.2386242437463968,41.74972476264179,2
2025-01-05 05:00:00,ST01,Urban,Bus,75.88054703972497,13.671099261183558,51.272304127320965,0.3219726577497373,0.8611709437966558,3,0.8033127563841809,52.565058861212286,2
2025-01-05 06:00:00,ST04,Suburban,Bus,63.10615616938178,32.287375264237376,40.58255449320807,0.17316959936852516,0.5543492214965843,3,0.3941561801339458,30.87198260920351,0
2025-01-05 07:00:00,ST02,Highway,Commercial,91.28834672795568,35.4858509407988,56.16559598092493,0.15248619317267462,0.2322595471844335,1,0.458558482290652,44.4425839937875,0
2025-01-05 08:00:00,ST01,Urban,Commercial,97.14491835979862,28.65966515074515,57.075319104686045,0.33660381285399305,0.8483167633469605,3,0.646422054115559,42.61962043726176,1
2025-01-05 09:00:00,ST05,Highway,Bus,93.01388370221142,37.31457820802101,48.13512655844981,0.3531997775387712,0.7948035124774168,0,0.7618711339537392,29.656779180657466,0
2025-01-05 10:00:00,ST03,Urban,Passenger,56.2371996816158,31.16542765678809,28.733761960709316,0.12121030841192432,0.7915303928535428,4,0.2311153048481117,32.24014572801014,0
2025-01-05 11:00:00,ST04,Urban,Passenger,51.64977214276494,47.64963119144667,30.994645619168374,0.19720076565151434,0.6546195419269748,0,0.9662943297181461,21.55144732237811,0
2025-01-05 12:00:00,ST03,Highway,Bus,68.4660936172441,7.4163685369688075,31.784785470368163,0.418184768488587,0.5999330097488635,4,0.6223215459666812,47.54827336060279,2
2025-01-05 13:00:00,ST03,Suburban,Commercial,40.44004905017081,9.781056881130223,21.686953716085604,0.1198498510974102,0.1117791134890652,4,0.005638623500387574,31.507962114735932,1
2025-01-05 14:00:00,ST01,Urban,Bus,41.54856357179091,12.815223662945293,22.00377482521048,0.44203546556241446,0.698443255270493,2,0.41562220992355114,28.571105168150766,2
2025-01-05 15:00:00,ST03,Urban,Bus,73.19743837738,36.05769817719495,46.46962217627121,0.3632649906105334,0.1732280939862446,3,0.43681782063075425,45.76306848667955,1
2025-01-05 16:00:00,ST05,Urban,Commercial,71.22696424991716,34.051814273741385,30.39061682959062,0.27376930374528197,0.30780074888206066,3,0.809164975974397,28.711730108989496,0
2025-01-05 17:00:00,ST03,Suburban,Bus,99.6749193421156,45.14264870943623,72.94883125128739,0.23857313958836635,0.5411922362810695,8,0.30513977412050386,76.73710554941586,1
2025-01-05 18:00:00,ST01,Suburban,Bus,52.110510121825484,37.979485379775426,32.56653376205708,0.1076995855395576,0.46138606790083336,5,0.33122651629496347,48.33839445265881,0
2025-01-05 19:00:00,ST05,Highway,Bus,55.48623574962811,27.87599694040665,37.08315324252087,0.43008597830073725,0.11261951181715678,3,0.07049409285256791,37.53070746540248,1
2025-01-05 20:00:00,ST02,Suburban,Commercial,46.8124385395772,49.63243066086336,31.890391478746825,0.15708874158741526,0.7591880467613699,2,0.2835460245258148,19.997275667602203,0
2025-01-05 21:00:00,ST03,Highway,Passenger,95.05258057922468,16.974858027618463,49.10355999360626,0.22381679674483523,0.8030407664687411,3,0.71696170148585,51.87153263755626,2
2025-01-05 22:00:00,ST01,Highway,Passenger,86.66867466750705,42.49362469034543,50.974062005612566,0.32764279214512154,0.6454983547974135,3,0.6347569195598196,49.91487992799757,1
2025-01-05 23:00:00,ST02,Suburban,Commercial,89.34034668741086,24.205566748726373,69.9086767612966,0.1983970400285017,0.5328542869254579,1,0.08139408800789405,35.95431774341881,1
2025-01-06 00:00:00,ST02,Highway,Passenger,94.16582727787053,34.19308124940804,66.54530411684689,0.29885618550088056,0.8685902711195771,4,0.11469389211478298,56.462732370843085,1
2025-01-06 01:00:00,ST04,Suburban,Bus,71.49399920355029,37.72708117035953,56.32459906742137,0.423737131495481,0.19596496619855355,8,0.376925963925108,70.78600034744751,2
2025-01-06 02:00:00,ST05,Highway,Passenger,67.07159148704342,33.518933923565136,46.849623228050554,0.28821517391610996,0.6903280429319912,1,0.7437577621410097,38.32221619357183,1
2025-01-06 03:00:00,ST03,Suburban,Bus,59.82348841993699,11.322828639886698,28.131400537731523,0.47959093764783844,0.2026884903161583,5,0.83291827812863,38.39370254510487,2
2025-01-06 04:00:00,ST01,Suburban,Passenger,75.35287686087133,24.932795483656975,32.08633654773069,0.43900024815053673,0.40547583913873264,5,0.014624043010017407,39.42638439025751,2
2025-01-06 05:00:00,ST04,Highway,Commercial,67.25670380738936,30.264727006990597,42.443323183117904,0.2332156941453577,0.568387607336783,4,0.3290105773074007,50.41535187664331,1
2025-01-06 06:00:00,ST05,Urban,Passenger,67.09393519633451,43.20696916303685,36.44041447883573,0.2599848498335751,0.6896701524034818,10,0.424261863628575,75.15692173655631,1
2025-01-06 07:00:00,ST04,Highway,Passenger,96.21567182386833,24.964058695935755,49.08761588280446,0.26933069080901084,0.1029728802175872,5,0.9111328107904566,62.613340372877026,2
2025-01-06 08:00:00,ST05,Suburban,Passenger,99.04189085674781,46.34362871619132,71.59583770523227,0.35047178116980593,0.3084783090974209,3,0.5014065577094429,54.644278198667294,1
2025-01-06 09:00:00,ST05,Urban,Commercial,87.78906335977484,24.81684003613448,48.00282341449708,0.21471829167541592,0.5305603131278563,3,0.26970076524568376,44.520149107907905,1
2025-01-06 10:00:00,ST03,Highway,Passenger,85.4054854148157,29.695093666835525,44.9916428447765,0.4876996555290035,0.5262989433292056,2,0.3900470651638448,35.58084704192276,1
2025-01-06 11:00:00,ST05,Highway,Commercial,80.8334897067461,40.83285573242605,59.81638122801407,0.34347368824140034,0.6101011479570112,4,0.4364344414947472,49.64833430066971,1
2025-01-06 12:00:00,ST04,Highway,Bus,49.96449114001082,31.238045798996463,36.89952290631677,0.25976066349645344,0.34308286469457794,2,0.6699958735292785,33.888944582662056,0
2025-01-06 13:00:00,ST05,Urban,Passenger,43.54634925253927,48.20981325722711,23.62592612886965,0.3580039261966269,0.5324234008711486,2,0.04108778296742521,29.494041118622924,0
2025-01-06 14:00:00,ST03,Suburban,Commercial,81.44357890679578,34.71511237313574,59.69810102014053,0.25816200421188307,0.2518294219476611,2,0.3894516630243503,49.40517393921678,1
2025-01-06 15:00:00,ST03,Highway,Commercial,83.72717333539455,28.521925433042046,61.98418058620101,0.4271182723917676,0.2494977715227644,3,0.6465546369144514,47.496627214651554,2
2025-01-06 16:00:00,ST04,Highway,Passenger,42.818379465888384,6.061638550135814,24.38815919278629,0.3271363842206885,0.5612511707380855,5,0.28332231536439745,37.940595897525114,2
2025-01-06 17:00:00,ST02,Highway,Bus,95.68310501373088,23.61798039111484,40.81738420485058,0.1167882013624268,0.6483780680362728,5,0.5917510066641541,46.70501108124653,1
2025-01-06 18:00:00,ST02,Highway,Commercial,45.46843836668065,18.466178866707217,18.216195870372616,0.1707027469693843,0.19631997334503037,4,0.3572789301040441,33.57850310556241,1
2025-01-06 19:00:00,ST05,Highway,Passenger,57.15403202627215,38.66475505493702,34.824922483734646,0.44599758921181387,0.19823192152337868,6,0.7587208675067755,59.986034032507916,2
2025-01-06 20:00:00,ST01,Suburban,Bus,80.34338876792228,14.37249538190956,43.19503195891657,0.32515993054271597,0.5522421531683603,4,0.06059769646249347,52.362460030545265,2
2025-01-06 21:00:00,ST05,Suburban,Commercial,50.192355664268575,14.234903928233232,40.096301736020436,0.48013739060556204,0.31607660182691644,1,0.9179619807013564,27.09050968079574,2
2025-01-06 22:00:00,ST04,Highway,Commercial,43.32495330653467,13.528356945681955,30.71584951953621,0.12896892514427394,0.4139192817928915,6,0.17161254794897562,51.36578696600609,2
2025-01-06 23:00:00,ST04,Urban,Bus,59.86878934984899,10.652702592030618,42.1781717133208,0.21810425203438957,0.42059875811806235,3,0.15854708674934914,37.63612858625896,2
2025-01-07 00:00:00,ST04,Suburban,Bus,85.95829449131074,18.995315165189933,67.22773347137966,0.17741734929582906,0.24284228742793312,1,0.8406429447732126,45.18461131326553,1
2025-01-07 01:00:00,ST04,Urban,Passenger,64.82072073911561,44.866495149954126,48.94546241130325,0.32153611689149453,0.10105170674450115,3,0.8692829230238887,43.489101361292995,0
2025-01-07 02:00:00,ST04,Suburban,Passenger,79.17837531447637,39.87178125376797,41.748777193296625,0.25311713243196376,0.7825214479752058,2,0.09297331344580029,40.70342641660273,0
2025-01-07 03:00:00,ST03,Highway,Commercial,74.7771458336882,38.086304733805704,34.87567860403599,0.16290941363055728,0.6720015751181506,2,0.9087189280149103,28.38070744140223,0
2025-01-07 04:00:00,ST02,Suburban,Bus,41.33310892153482,40.88015625424832,28.865262062886693,0.35710076558381876,0.6524308464924524,4,0.27329786672897627,34.71683393399099,0
2025-01-07 05:00:00,ST04,Highway,Bus,99.3123992227424,17.123805019830726,54.75187486708684,0.31451934631887457,0.5372041104906558,3,0.6186216854080555,50.39863882070105,2
2025-01-07 06:00:00,ST01,Suburban,Bus,42.48568532916327,44.93487608386195,25.03549988508875,0.2098945005185204,0.6607757236624964,2,0.06859349040789575,25.470126807992944,0
2025-01-07 07:00:00,ST01,Highway,Commercial,98.06816425890909,11.178651881372197,63.95604500720498,0.2919085431129511,0.8485507020381007,2,0.38066110112820095,52.01862261006566,2
2025-01-07 08:00:00,ST01,Highway,Bus,72.99185070186388,20.135557702201186,55.70366303720899,0.39829532601647577,0.632538988983433,2,0.4507246091045378,37.95567476615017,2
2025-01-07 09:00:00,ST01,Highway,Bus,97.789541623904,31.40366535353043,55.50877638223175,0.1821086698202634,0.31207312154196,1,0.5998265693563105,41.87458835566971,0
2025-01-07 10:00:00,ST03,Highway,Commercial,46.885215964830124,9.630728975390028,33.4444790126656,0.21716229868069165,0.5564480413927184,3,0.5252719714144657,36.66028662514871,2
2025-01-07 11:00:00,ST01,Urban,Passenger,69.42451115113079,37.85585844993912,35.22154799310814,0.23844439483764607,0.45385952269296814,3,0.4614929614915926,37.426789154847775,0
2025-01-07 12:00:00,ST04,Highway,Passenger,50.170245511963515,22.426072169156374,34.07506464921043,0.3986905748804127,0.5451353048897196,2,0.9596402117655879,34.33604828309745,1
2025-01-07 13:00:00,ST05,Urban,Commercial,43.058492621346545,40.298254952378,17.250600044870325,0.43876903982036286,0.5140883819302601,0,0.18502277698775915,11.284859918922987,0
2025-01-07 14:00:00,ST01,Urban,Bus,77.05174690373869,27.180332851307124,57.68116005696066,0.25055539857664433,0.787020228182772,2,0.15799423064666818,39.708590693200186,1
2025-01-07 15:00:00,ST03,Highway,Commercial,52.46700525770149,13.139353599140136,21.624372335559613,0.2186483447335673,0.6214400827048536,3,0.7134190609006716,31.165101895752894,1
2025-01-07 16:00:00,ST03,Urban,Passenger,75.26182109725275,38.0642815109905,51.56198666983581,0.45577870334067094,0.25100678234728313,4,0.07455188487023212,43.90049751031734,1
2025-01-07 17:00:00,ST01,Suburban,Passenger,46.74186891693914,16.34647801275246,19.561625254290014,0.49974597287707156,0.15041342310029668,4,0.48289145599427674,36.472204931243716,2
2025-01-07 18:00:00,ST05,Highway,Commercial,59.919188285962164,27.086463557061926,30.34896579131166,0.3681414558647197,0.4394910309450776,1,0.48405311915220717,18.36056059441092,0
2025-01-07 19:00:00,ST01,Urban,Commercial,86.89795348319484,8.398997112060842,52.04152992767395,0.4959922459956724,0.1124884978061834,1,0.31002533095909135,33.159277341098445,2
2025-01-07 20:00:00,ST03,Highway,Passenger,66.22309131053126,32.80399944854165,37.613091686068834,0.36398651112076397,0.35463790866666856,2,0.9304437416801977,34.27239599301105,1
2025-01-07 21:00:00,ST02,Highway,Commercial,77.66472489384017,34.96359947973248,37.02544958361234,0.39338410880313,0.39441717555138056,8,0.28254343509601143,60.72361047517411,2
2025-01-07 22:00:00,ST04,Highway,Passenger,78.84747644473276,22.04033944877526,42.06717593305096,0.25546240061740544,0.4004710992079391,2,0.28844195223824654,33.36698873684274,1
2025-01-07 23:00:00,ST03,Urban,Commercial,90.62530263923762,47.949025114448325,62.62956506340552,0.2731870187996214,0.8834800194591143,8,0.23429996422372112,77.99204581959981,1
2025-01-08 00:00:00,ST01,Suburban,Commercial,59.49536766439848,44.33760146669308,39.725225779772416,0.15765426559575807,0.3431207015779746,0,0.14578803522056305,24.615568839064043,0
2025-01-08 01:00:00,ST04,Suburban,Commercial,81.23773375495105,36.857341208299765,34.828715116194665,0.42910000590604935,0.312181996302897,4,0.3640110553484528,42.513447288034094,1
2025-01-08 02:00:00,ST01,Urban,Passenger,97.69694842276994,37.11434335221842,68.28296963571358,0.47242361235488006,0.203504744854033,3,0.6808872600004301,56.81401313995467,2
2025-01-08 03:00:00,ST01,Highway,Commercial,83.81460006147208,16.358077172396804,35.30424775156375,0.34937525347764486,0.5088070685460903,4,0.7421628627707558,44.11944040891646,2
2025-01-08 04:00:00,ST02,Urban,Passenger,69.39222860306467,34.55668539898021,42.826840284045346,0.2374589233781594,0.22293944497089654,6,0.813418916430681,58.50087560311055,1
2025-01-08 05:00:00,ST04,Urban,Passenger,77.84304666951576,13.919281935598384,39.234849320946616,0.16160653014974652,0.5930357701846276,5,0.19754388853155858,37.85354278469379,1
2025-01-08 06:00:00,ST04,Urban,Commercial,84.38097386578649,11.480145076391995,53.58833566423692,0.206062491882126,0.22412782315067964,1,0.03563268823972976,35.819241210391056,1
2025-01-08 07:00:00,ST02,Highway,Commercial,76.73654594163234,49.97605523911611,38.71599376104178,0.20216416834073733,0.561338654207361,5,0.9746858584883918,55.43748616545494,0
2025-01-08 08:00:00,ST03,Urban,Passenger,41.00054880939035,33.00691691629284,32.55374644729291,0.34541115366542924,0.761015391339701,4,0.014332519286428536,42.42206937785631,1
2025-01-08 09:00:00,ST01,Highway,Passenger,51.68640986123355,24.394454269573572,27.078059084380087,0.4780149861454418,0.13401970681527411,4,0.9606788379580585,40.37300337270767,2
2025-01-08 10:00:00,ST05,Urban,Bus,88.62809303292796,17.967403529777812,44.029041104717436,0.11930875478319258,0.4357975799345647,0,0.8288144187117998,36.60451324452005,1
2025-01-08 11:00:00,ST01,Suburban,Passenger,56.35903883874908,32.17641996480023,28.82122999387625,0.1004089198377792,0.46883917377506845,2,0.9120747610251365,32.57225430264909,0
2025-01-08 12:00:00,ST01,Urban,Bus,83.89372717366803,7.231707869903875,63.640870591671195,0.34007277772573025,0.73285771478249,5,0.387185712611146,57.826491321800475,2
2025-01-08 13:00:00,ST03,Urban,Bus,62.32721291450192,9.260644572715778,40.79238372367647,0.2136241848318861,0.47433250555643536,6,0.1972019988510333,60.09543496213949,2
2025-01-08 14:00:00,ST01,Suburban,Bus,71.31305968947659,6.478551398317835,49.3681513371983,0.4522193369355828,0.5540286291650561,1,0.6064636851755649,37.56817692242392,2
2025-01-08 15:00:00,ST02,Highway,Commercial,44.07839798916422,27.46264249681978,33.81713224453547,0.2309001231623268,0.7329634028704569,6,0.7412511707164868,62.6761132912379,2
2025-01-08 16:00:00,ST02,Highway,Commercial,50.873533662982574,32.027298313423216,38.90548368683705,0.21589504021155573,0.5478067943434326,3,0.13086106632466055,36.61379451946682,0
2025-01-08 17:00:00,ST04,Urban,Passenger,97.43181781115408,7.811589261101938,67.77146196292867,0.20780424848731893,0.38663953081566593,2,0.797621514684534,55.89905964741264,2
2025-01-08 18:00:00,ST05,Suburban,Bus,93.40828320681484,37.45510103745124,44.75468939250061,0.15794113090729767,0.1686738220964658,6,0.20859332001255793,59.60680117506937,1
2025-01-08 19:00:00,ST01,Highway,Commercial,79.13650665394302,15.367778218155397,58.351250022919444,0.3326121897108443,0.6839325036100621,1,0.49167729290845996,37.68554468507772,2
2025-01-08 20:00:00,ST01,Urban,Commercial,67.57867584314424,35.83406541964398,32.53983616093745,0.16728544093368403,0.7969105201297241,4,0.8564824498781529,46.56507806488593,0
2025-01-08 21:00:00,ST03,Suburban,Commercial,80.54567757371342,49.18537130158605,56.153186369591914,0.2698524639161164,0.8760516296161313,2,0.19342451104269254,40.78192622467085,0
2025-01-08 22:00:00,ST02,Highway,Commercial,77.11661734563634,36.099764152423305,51.99520267174891,0.2843888209022596,0.8412799046172547,5,0.24188464798278753,57.57806322349349,1
2025-01-08 23:00:00,ST05,Highway,Commercial,74.11313533627673,44.74368738156238,52.14270695677084,0.10819681875118979,0.737934327066599,1,0.06277115649919152,26.372287331100903,0
2025-01-09 00:00:00,ST04,Suburban,Bus,43.55062431181251,47.66893280343803,26.699767307544807,0.10672291192845701,0.6147775457965825,1,0.14661411178313044,22.821688905510513,0
2025-01-09 01:00:00,ST02,Suburban,Bus,77.96815663969042,26.903797175854198,51.107383866867615,0.3080850755027317,0.7251681166645108,3,0.1465258197813687,46.621279518068995,1
2025-01-09 02:00:00,ST04,Suburban,Bus,86.1352026742701,36.60462407388681,67.29984840637047,0.37841389289165295,0.44566697028165436,1,0.20342750215413752,37.269824028147504,1
2025-01-09 03:00:00,ST03,Suburban,Bus,99.64489927873453,43.338616410012875,43.88714482538121,0.4768569929121619,0.575820971832668,4,0.2862003970649839,40.39834177443656,1
2025-01-09 04:00:00,ST03,Urban,Passenger,40.66471315565858,21.047401079347374,21.289559597424013,0.17164771366278203,0.37895984731134813,3,0.8149833644785408,25.503239165280863,0
2025-01-09 05:00:00,ST01,Suburban,Bus,83.8104071986406,16.762879245217768,54.01939496406428,0.14130352377443303,0.36136737198430624,2,0.9157638641811174,56.559675177272155,2
2025-01-09 06:00:00,ST05,Highway,Commercial,74.30735895615882,47.596935775025244,58.37747010280275,0.12083516277086037,0.705353418620827,2,0.40628060922895026,39.59313691894705,0
2025-01-09 07:00:00,ST04,Highway,Bus,66.0431305648574,37.68365751659681,28.94206651620108,0.2744166331651801,0.46314622584284937,5,0.12820895198831084,47.84288752153362,1
2025-01-09 08:00:00,ST02,Urban,Passenger,47.65421047428225,14.885696001912184,19.491510329243283,0.34925894693438275,0.2697290103448234,3,0.22380992509553066,25.94394359074583,1
2025-01-09 09:00:00,ST03,Highway,Commercial,64.54510891809258,25.208752670425103,27.257389129399932,0.4362213427005057,0.26155052955349267,4,0.7362059768552255,46.48179296530729,2
2025-01-09 10:00:00,ST01,Highway,Bus,61.26263097916812,40.84032962920142,25.789256484020214,0.3730579529172525,0.7873378892559469,2,0.6774255192128897,32.57358470451227,0
2025-01-09 11:00:00,ST01,Suburban,Bus,58.16979333872453,29.617834591329895,44.390901670101236,0.18334431562994294,0.642208395490137,6,0.9672073016056905,72.37826616333726,2
2025-01-09 12:00:00,ST04,Highway,Bus,83.85277739933247,34.247844417465004,57.73290248032628,0.2847081465585116,0.5368368586864927,2,0.014488680595083236,46.24042824050159,1
2025-01-09 13:00:00,ST03,Urban,Commercial,82.04353127705582,38.91956909202736,55.038291443989515,0.4641385385234621,0.4207509887970876,2,0.7507587602823569,46.09223427503442,1
2025-01-09 14:00:00,ST05,Suburban,Commercial,75.34120545885469,32.99041349640413,45.884988670965136,0.2306964249909485,0.44465391262970066,2,0.5057936004529816,39.54960402836666,0
2025-01-09 15:00:00,ST03,Suburban,Passenger,96.31988879760235,29.30356948649881,68.65499116374167,0.2994921460367726,0.14594815535595507,4,0.9026929779224593,66.75002475767839,2
2025-01-09 16:00:00,ST04,Urban,Commercial,60.991263050851266,38.732642797449806,28.19377228828418,0.4834261338574787,0.4639281158942742,2,0.576166674126867,43.265076137051615,1
2025-01-09 17:00:00,ST04,Suburban,Commercial,54.628116262610774,37.74033659444903,30.415650058591815,0.39388320222947903,0.7363639284976655,2,0.44666772446141545,30.013173024102183,0
2025-01-09 18:00:00,ST03,Suburban,Bus,79.35419878590398,33.34425800824305,47.29523740279825,0.39909615425667677,0.4103891840762579,2,0.6658506094929948,33.842727292779195,1
2025-01-09 19:00:00,ST04,Urban,Commercial,51.928843656244176,21.190523602186833,23.06491247970534,0.20093360176529107,0.4068650020346064,5,0.8335234421809976,46.09125430958392,1
2025-01-09 20:00:00,ST03,Suburban,Bus,58.900630431005474,23.26154414901222,33.444100954173926,0.26587924732205126,0.11257326641543025,6,0.28249855017285197,46.34370692769242,1
2025-01-09 21:00:00,ST02,Urban,Bus,53.47614640449309,48.669734699784385,28.160576755849416,0.1329368652386887,0.4662682100464549,3,0.10752704378425793,31.211948703454702,0
2025-01-09 22:00:00,ST03,Urban,Commercial,44.14921406311007,10.057366953118663,18.28805513382818,0.3426103468202135,0.12027012235837349,3,0.43301811831932047,34.22997306644703,2
2025-01-09 23:00:00,ST03,Highway,Passenger,89.6499244981404,17.08272127637759,40.763297211615665,0.1414920658169977,0.5562795424070089,0,0.21451987281172857,25.047252298546088,0
2025-01-10 00:00:00,ST04,Highway,Passenger,55.272432575299675,27.158079164195108,39.00104254754797,0.4343638328823819,0.5054267052658513,1,0.4295411753952091,25.8299133530587,1
2025-01-10 01:00:00,ST04,Suburban,Commercial,68.38165020058125,42.65283587647036,27.846044887471034,0.4258215148079988,0.7720067991391991,1,0.9910481727989501,27.819031121667415,0
2025-01-10 02:00:00,ST01,Suburban,Passenger,42.59891639525872,12.365404867837753,32.9588378301837,0.3134420404489238,0.5654244887405769,4,0.5741220937740219,36.88948115181866,2
2025-01-10 03:00:00,ST01,Urban,Bus,81.96036797515859,17.462957815607446,35.617505061060804,0.1564664132788119,0.3587418842577722,4,0.6936002228467437,51.12292134527765,1
2025-01-10 04:00:00,ST02,Suburban,Bus,59.833660138377454,7.960919800785754,43.06200025463667,0.11023159327806727,0.5129848075335314,2,0.6779284224614185,42.41335083182684,1
2025-01-10 05:00:00,ST01,Urban,Commercial,84.6842036697526,36.76933697228683,64.31313193760722,0.41868346701702897,0.659765084599935,4,0.8207008362860635,54.921859849714515,2
2025-01-10 06:00:00,ST03,Urban,Passenger,64.74418362807197,15.719424596402726,50.27089550101689,0.34005619328537073,0.17517103632830625,6,0.9441285990153796,77.18183723046826,2
2025-01-10 07:00:00,ST04,Suburban,Passenger,51.74533638433748,22.490363780192773,38.653290708328164,0.38437185469915336,0.596859270776347,4,0.6588180982080535,44.83003029357385,2
2025-01-10 08:00:00,ST01,Urban,Bus,70.79050493692216,24.966565116335055,36.458526968992466,0.22152285029454705,0.8333010255823833,2,0.4760946447532082,34.46785411723763,1
2025-01-10 09:00:00,ST01,Highway,Commercial,47.83027357824639,45.10912710229051,25.504768878223615,0.3037930951375658,0.3393042365049955,1,0.31783094641791143,19.24307554650617,0
2025-01-10 10:00:00,ST02,Suburban,Passenger,66.43234959237968,23.509863064905655,37.90751302382803,0.39886966821586023,0.6013000759011298,3,0.3602743001238671,39.656960766571586,2
2025-01-10 11:00:00,ST02,Highway,Commercial,59.03832864522919,11.535125896186209,26.904868949455214,0.28502532332551983,0.7570635602801948,2,0.33448060812405667,27.26751392081443,1
2025-01-10 12:00:00,ST03,Suburban,Passenger,94.71757505197799,28.594172225305446,38.730867194559835,0.3405536891074924,0.5094451179508993,6,0.3244654912738899,45.622020700874316,1
2025-01-10 13:00:00,ST04,Urban,Bus,43.6557233032432,48.33310975918833,32.639142405265645,0.4158913047231849,0.6743836272163078,0,0.6946250043820943,29.133367956836164,0
2025-01-10 14:00:00,ST02,Suburban,Bus,81.64104484634453,32.34585384728649,50.75227688685189,0.18608825810655155,0.3488082707914081,0,0.5877090299518641,27.112537431315918,0
2025-01-10 15:00:00,ST01,Highway,Commercial,50.96506995924615,49.252424920725765,32.79547091726284,0.12637155574299294,0.3448467623401158,2,0.20199504491772624,33.003238256012054,0
2025-01-10 16:00:00,ST04,Urban,Bus,59.14270445993439,42.84982890224916,45.58692394553944,0.31272940432432206,0.6340672174388485,4,0.9696260191661958,51.33041535005616,1
2025-01-10 17:00:00,ST04,Suburban,Passenger,64.93084378372396,6.618459029603576,43.247063266488716,0.1248503082880383,0.6643270991787871,5,0.42772551535431924,51.217410877460495,2
2025-01-10 18:00:00,ST01,Suburban,Bus,94.48090536249845,34.62798179196688,63.90134797015151,0.40662291774670134,0.849607759609715,2,0.5660864010680784,50.02210255431229,1
2025-01-10 19:00:00,ST02,Suburban,Commercial,54.55469596442951,17.904509490104765,38.9950125253736,0.3876845790535155,0.27987085977437964,6,0.7026009667897627,57.20985659940594,2
2025-01-10 20:00:00,ST01,Highway,Commercial,45.47852815268021,30.182758504012572,20.307953762016343,0.4526850685861188,0.47457407687037534,1,0.6136773766768955,25.00986175638892,1
2025-01-10 21:00:00,ST04,Highway,Commercial,59.12137623943141,17.570533591905196,32.16586336271509,0.3558248392135842,0.3004107785311131,4,0.31105176909560084,35.65245336396716,2
2025-01-10 22:00:00,ST05,Suburban,Passenger,46.280558232132,20.69916874723807,36.4359046444078,0.12687902830094952,0.16407372870419634,12,0.7977065734873767,91.37944244349833,2
2025-01-10 23:00:00,ST05,Urban,Passenger,47.715789157633154,46.542592028938074,36.701650468607845,0.20126085019584697,0.4225844223579902,3,0.11015363957962687,29.299697303928752,0
2025-01-11 00:00:00,ST03,Urban,Passenger,74.4310358785016,14.298943320126739,56.09347039098476,0.4231727378250877,0.3992645978305627,3,0.5689958347036714,44.17252272703153,2
2025-01-11 01:00:00,ST01,Highway,Passenger,43.6541159859696,44.33491031116237,25.355856100892527,0.1668529669254351,0.31634729598575034,5,0.27331722301410066,43.3061758261876,0
2025-01-11 02:00:00,ST01,Urban,Passenger,41.85585288361396,6.370601363172357,31.093758016725538,0.379392187125955,0.3375959129115332,5,0.6157623676730183,51.9522352935374,2
2025-01-11 03:00:00,ST03,Highway,Bus,82.86484608822987,9.089444226634177,34.75006535878795,0.4121037323681912,0.3883294450810225,2,0.21799348108436978,30.97408041268974,2
2025-01-11 04:00:00,ST03,Suburban,Passenger,61.69882569046267,43.46037686229186,28.344870544679623,0.23204471914209646,0.8910701062240748,4,0.7721996552093382,49.35542495774936,0
2025-01-11 05:00:00,ST03,Highway,Passenger,47.522520954032395,33.37502139091379,26.878123831813372,0.2289189893611634,0.7263662127738241,3,0.22753633126583261,26.546493571381546,0
2025-01-11 06:00:00,ST04,Highway,Bus,55.2167662515825,38.62562621177976,32.76324520217555,0.32312107248365873,0.15712096086952557,2,0.8903921349668326,29.459030626287962,0
2025-01-11 07:00:00,ST01,Suburban,Passenger,78.52519044114393,14.42379518698344,39.686855941589194,0.4445145331019055,0.7979305411893615,3,0.8615549046702311,47.65022489171772,2
2025-01-11 08:00:00,ST04,Urban,Commercial,56.53219402845107,29.168755501554656,30.673840940573797,0.18956248076539223,0.606642661118937,4,0.36239345201381123,39.57236061259749,0
2025-01-11 09:00:00,ST03,Highway,Passenger,69.67126750722447,38.17486506070871,32.40483391421838,0.47650327841696105,0.8124750080975274,4,0.38582028887402586,44.091394367853596,1
2025-01-11 10:00:00,ST01,Highway,Passenger,47.30171840360033,33.22913616546181,28.17543945337756,0.3396474739280433,0.3733677497041826,1,0.7015034576874905,20.962608972813925,0
2025-01-11 11:00:00,ST04,Suburban,Commercial,75.28561825632681,26.226444510104425,54.020240543408825,0.49685058854091046,0.471615091849375,6,0.09037353797248393,55.6977515671907,2
2025-01-11 12:00:00,ST04,Urban,Commercial,58.96466103059585,48.19027038969716,39.184620984758475,0.13584548959812906,0.8169816458464867,2,0.08091941217567933,39.11543537103201,0
2025-01-11 13:00:00,ST03,Highway,Commercial,77.61810607172299,35.42708000540504,34.39389446458039,0.15062485460270364,0.3180585087309452,2,0.13632419683394315,27.555110656338492,0
2025-01-11 14:00:00,ST01,Suburban,Commercial,88.50369293824137,45.848786010855704,52.66258617903989,0.43065672148539313,0.8324007009963322,3,0.5624753354498523,54.08856715572877,1
2025-01-11 15:00:00,ST03,Highway,Passenger,76.69878516339955,37.83967302081565,52.08296607849779,0.4459023582415397,0.7627997697154154,2,0.14900230483109322,41.41548249672287,1
2025-01-11 16:00:00,ST01,Suburban,Commercial,57.74485375570124,38.09585878689574,35.337432064417015,0.2781834753483736,0.8844463527274348,4,0.2776172817729814,39.01757211548191,0
2025-01-11 17:00:00,ST05,Urban,Commercial,55.34462209289802,8.60082213909557,30.80870398646735,0.38562847045693405,0.3594060696130905,3,0.6469114075402079,43.9322567443501,2
2025-01-11 18:00:00,ST02,Urban,Bus,59.64525752400688,21.17590798342746,38.695801335751,0.44702291497821545,0.28860254400382673,3,0.015623777836715536,36.13591324531754,2
2025-01-11 19:00:00,ST02,Urban,Commercial,49.87723079419029,43.62662330238463,39.276098023819436,0.11725111528753147,0.36469351763658253,4,0.18023660795346985,41.50806553352115,0
2025-01-11 20:00:00,ST02,Urban,Commercial,50.8703110510012,15.467173796694018,22.279322376800778,0.3295801691973035,0.8637198367909882,1,0.9299306628757037,25.03964504342146,1
2025-01-11 21:00:00,ST03,Highway,Bus,87.44146611401007,10.197763977040978,48.61801690951504,0.44139226661059583,0.36645863684235325,3,0.6635776234087131,48.13892971037723,2
2025-01-11 22:00:00,ST05,Highway,Bus,63.083954590446695,19.674772548745704,35.49370390408657,0.25926197783391003,0.5521694559657905,0,0.30555111422321346,15.160814039296175,0
2025-01-11 23:00:00,ST01,Urban,Passenger,66.15971083423514,14.919704820167627,41.73268050225158,0.22095344244497075,0.4229434260692114,1,0.04530342406116861,30.814448590896596,1
2025-01-12 00:00:00,ST04,Urban,Bus,75.64296793400867,46.63796876569198,34.861562585813246,0.41828267403793506,0.4169761155854247,1,0.586048808412427,30.498336915320763,0
2025-01-12 01:00:00,ST01,Urban,Passenger,75.37920970909286,44.058498890095905,35.47776868053942,0.23431463340113448,0.25470288790324414,3,0.2228663098924406,32.111673812751924,0
2025-01-12 02:00:00,ST04,Highway,Bus,44.04261229131554,27.48574536273069,22.644269271092597,0.1012697192738013,0.529663632638072,2,0.9601754387183332,24.581528275457632,0
2025-01-12 03:00:00,ST01,Urban,Bus,89.89244718025994,7.760474351774061,70.32717782238726,0.48382903505162633,0.7795234039737655,4,0.6869609549868446,60.77983673063798,2
2025-01-12 04:00:00,ST05,Urban,Passenger,50.63959319343637,37.155305574192035,35.12582124271201,0.3368492945404074,0.13958801084309666,5,0.974123886346106,53.55499150298537,1
2025-01-12 05:00:00,ST04,Urban,Bus,83.38429816298013,33.053527910131905,55.42365188946847,0.42780716748402847,0.8113812749307373,3,0.8488988974115668,51.98068239112261,2
2025-01-12 06:00:00,ST03,Suburban,Passenger,86.36025928769,48.674960182782314,62.76517479925203,0.4301206249370858,0.6323783721098396,3,0.4830274151905406,51.96192425586652,1
2025-01-12 07:00:00,ST01,Urban,Bus,82.89397204547882,30.152895812166964,37.38771691740803,0.12656416814909313,0.5933904644599223,4,0.6695631476541436,48.75849778461668,0
2025-01-12 08:00:00,ST01,Suburban,Commercial,74.7386587932487,20.137717553130923,55.585616478568994,0.16834407975458593,0.6007201863391938,6,0.8121071955393001,60.160449924378206,2
2025-01-12 09:00:00,ST04,Suburban,Bus,40.87653982653297,28.35597621103501,26.07649717835209,0.22444827230385897,0.3370158687635756,3,0.5781784816626232,33.49296717768986,0
2025-01-12 10:00:00,ST03,Urban,Passenger,61.62252954179024,49.066848113203235,32.91454048405908,0.22827971401652913,0.43211560309463015,3,0.0614875009682192,33.56134637985447,0
2025-01-12 11:00:00,ST03,Suburban,Bus,76.29036576175487,36.336309463986375,55.41290465249747,0.36351444707236513,0.7394320047233717,2,0.4704463138736311,44.71442221693304,1
2025-01-12 12:00:00,ST05,Urban,Passenger,63.24707775535232,35.2389262067173,45.60277570519515,0.3492531683010739,0.34510482954903166,3,0.1305733307866399,43.60129942738366,1
2025-01-12 13:00:00,ST03,Highway,Passenger,91.80879369476878,15.830671537664841,67.78091135979813,0.2978359112039255,0.47601616765815746,1,0.7148467752101705,45.021431667843814,2
2025-01-12 14:00:00,ST03,Highway,Commercial,58.52813652097692,38.4621132902278,26.11567357962198,0.18450549292350718,0.11570581711012268,4,0.6806289156376021,40.13065004629649,0
2025-01-12 15:00:00,ST03,Highway,Commercial,57.61208754751962,38.76223232622973,45.38360498375556,0.2527933878761214,0.6868466823484053,3,0.9929081920521134,43.91316591465612,0
2025-01-12 16:00:00,ST02,Highway,Passenger,55.95986158555948,19.27800426991574,43.86416333020627,0.3174375873860678,0.43416174134288454,1,0.6288098017941077,35.16140258524563,1
2025-01-12 17:00:00,ST05,Suburban,Bus,59.966852137647734,26.767122457582094,32.561272605259205,0.2871941464415768,0.5202870147788831,1,0.8001379423839416,24.929762398828686,0
2025-01-12 18:00:00,ST01,Urban,Passenger,73.44429785885123,18.25714998232052,31.313535103809613,0.15091701323803136,0.19175145424860693,1,0.26828785088883256,26.208265551661707,0
2025-01-12 19:00:00,ST04,Urban,Passenger,82.42091765635544,16.6417281645929,38.47591969346782,0.3598041974007695,0.8933713830299496,0,0.34002413529597975,28.543910156917125,1
2025-01-12 20:00:00,ST01,Urban,Bus,79.75407506432711,6.165323161226832,63.574551697208534,0.12922071072426422,0.3419742615878768,2,0.9170242523778372,53.29894291818249,2
2025-01-12 21:00:00,ST05,Highway,Bus,88.46306919888877,17.834528509399945,55.307568860221465,0.2512778732324321,0.6079917292771603,3,0.755192259625745,56.62219665965761,2
2025-01-12 22:00:00,ST04,Highway,Bus,93.15483972984549,29.92864774452237,50.55035449746223,0.3840117390700917,0.5649890758835724,2,0.6552691747976377,39.560459772341986,1
2025-01-12 23:00:00,ST05,Urban,Bus,88.96474254060108,5.0720534397062975,45.84184839939099,0.1080094138078826,0.7280737631399923,3,0.25402769258304025,34.467654591910886,1
2025-01-13 00:00:00,ST03,Highway,Passenger,41.136724202461274,17.744858771435034,20.683408936103863,0.3279931276181265,0.3350695644975684,3,0.6985779287251651,31.51859378357305,1
2025-01-13 01:00:00,ST04,Urban,Passenger,84.15507721311933,44.66346495454625,56.018761775034385,0.23380838965731893,0.7047418759977898,6,0.8867636450419513,63.806806722675525,1
2025-01-13 02:00:00,ST03,Urban,Commercial,52.5039744170999,31.71418632983124,29.809400957621,0.1035327373690938,0.4060013845485875,2,0.23079765489465642,24.745511707804667,0
2025-01-13 03:00:00,ST01,Urban,Passenger,47.97568256247896,32.35382708364412,37.71676792712331,0.17615330842438875,0.4289287726770793,3,0.7061239479158232,29.81051991422067,0
2025-01-13 04:00:00,ST01,Urban,Bus,78.30932708794813,23.151393726185894,52.7442458606278,0.47637847730826177,0.6381700211894161,4,0.3936939533975087,51.1871822275344,2
2025-01-13 05:00:00,ST04,Urban,Commercial,59.1845917244617,35.4412464571585,42.42457098930508,0.3084595622020362,0.7274286173923751,2,0.11876741294061999,32.50749643298423,0
2025-01-13 06:00:00,ST04,Urban,Bus,43.4270298022266,13.546974480366162,22.45597030275898,0.49889088185165276,0.6334933088964473,4,0.763460676533682,43.07795168845107,2
2025-01-13 07:00:00,ST05,Urban,Passenger,48.25778406390168,41.84360646728862,20.83165787818461,0.3099267001458965,0.8199036164569217,8,0.1671367891843364,54.85268477487096,1
2025-01-13 08:00:00,ST05,Highway,Commercial,40.05576501219766,10.251010397115492,23.83835278157992,0.3175745649161073,0.3281272236080539,1,0.25289627349037136,18.57142275087216,1
2025-01-13 09:00:00,ST03,Urban,Bus,94.19341764068244,34.520060959389916,49.529971454625205,0.25673720517314097,0.8204933856815595,3,0.7829420408786922,52.15866669398632,1
2025-01-13 10:00:00,ST04,Urban,Commercial,41.477079030474314,20.35171966188574,19.94355937449454,0.22401616749256573,0.20469082075470296,3,0.7421327856246376,36.826324341658264,1
2025-01-13 11:00:00,ST01,Highway,Commercial,52.567346170570666,38.63808367621146,41.05808593481984,0.20061822125317794,0.6276242552239845,1,0.254183066044395,25.63592551931576,0
2025-01-13 12:00:00,ST05,Highway,Passenger,64.97576684127444,29.7394048069709,37.52969661465439,0.23736824645226956,0.5381045211041421,1,0.9409646143463672,34.15502312778415,0
2025-01-13 13:00:00,ST05,Highway,Bus,61.394279557049146,25.35588673154223,28.8481550793243,0.28394043236017286,0.4957087523324716,2,0.2152852250771915,34.129409444546845,1
2025-01-13 14:00:00,ST01,Urban,Commercial,94.70355261476655,12.624008094196114,45.40659006116501,0.17679678009231603,0.34872962308974265,6,0.9936222149640324,64.27218318759947,2
2025-01-13 15:00:00,ST05,Suburban,Commercial,42.41733674407253,33.65696589279588,21.729718567014036,0.18995003672227836,0.5029861962465874,2,0.7378998719514395,24.13299688022363,0
2025-01-13 16:00:00,ST03,Suburban,Bus,70.7328824606231,48.86464295391859,56.56696103978983,0.20861790746737566,0.22941868510776262,3,0.39250769055140267,41.596152341787295,0
2025-01-13 17:00:00,ST04,Highway,Commercial,80.82876775146244,42.15215412081567,40.99672283267277,0.27970395677233567,0.39545675536934055,4,0.13034920666248395,34.44526092149366,0
2025-01-13 18:00:00,ST01,Suburban,Commercial,95.90187842087013,7.700368666505531,50.97383564324629,0.3611253467256973,0.17894473398710195,3,0.32050995515961367,33.45326740427031,2
2025-01-13 19:00:00,ST04,Highway,Commercial,77.22227512742326,21.9303220262536,51.25483729034111,0.44245846011451495,0.5574772798290557,2,0.19373851146504872,35.14440421597478,2
2025-01-13 20:00:00,ST05,Urban,Bus,88.22531416070576,46.65123541356223,45.66405957824713,0.21485273487485734,0.17661430895970157,4,0.6218395864940193,48.177609122688146,0
2025-01-13 21:00:00,ST05,Suburban,Bus,45.023496270720905,27.636968640065962,21.895903265405092,0.17349133613657497,0.22827571512413256,3,0.3568551531379567,24.634866926935203,0
2025-01-13 22:00:00,ST01,Urban,Bus,63.15637065621564,34.79503216136806,29.270127846446783,0.251538985940222,0.16837344118998504,4,0.295007261243857,34.16396503184925,0
2025-01-13 23:00:00,ST03,Suburban,Bus,62.43682806874405,46.06697055161257,32.7838967460644,0.4577532305487423,0.40504851196166236,6,0.7571331917183721,49.19295402879026,1
2025-01-14 00:00:00,ST02,Urban,Passenger,93.17729298734307,44.32076106889463,41.21849209273592,0.10394429133485579,0.7735667635346788,4,0.23059943485018308,35.015624844895335,0
2025-01-14 01:00:00,ST01,Suburban,Commercial,49.082270275796496,27.581916899322994,19.99899482797115,0.37114744642309816,0.8255171133070622,5,0.5868893174255047,40.01901950898445,1
2025-01-14 02:00:00,ST02,Urban,Bus,49.11317034019781,24.694083619592092,35.45267003368868,0.2908640185646326,0.15751156368001074,3,0.19459609282354562,38.01575125232588,1
2025-01-14 03:00:00,ST02,Urban,Commercial,59.713488993147905,20.28616783158142,27.179070847692596,0.16441848598427203,0.6076401126893016,5,0.7147986077330956,43.1876504783033,1
2025-01-14 04:00:00,ST03,Suburban,Commercial,43.267962842010256,37.355874942330104,30.737160138430532,0.22840861050978667,0.6475083396736587,3,0.6251214837525967,42.300301723973206,0
2025-01-14 05:00:00,ST02,Urban,Passenger,50.947482439149404,17.91440597621945,36.632105552719175,0.18998001755081356,0.5270159539456193,2,0.798153515177031,37.06325168455768,1
2025-01-14 06:00:00,ST02,Urban,Bus,97.9125783127441,16.244942289390508,60.232666424164144,0.45113286715604894,0.6335878891756368,3,0.06849707476267897,50.26635138860048,2
2025-01-14 07:00:00,ST03,Urban,Bus,65.69103639203037,21.031245257170106,34.41374607420868,0.29274935357799614,0.28695257235447624,3,0.21010544950502152,34.46640436756672,1
2025-01-14 08:00:00,ST02,Suburban,Commercial,77.92115250534619,12.97467755954564,35.68890810805541,0.32523771114899713,0.4917153694552129,4,0.15446036055346568,42.744969234981426,2
2025-01-14 09:00:00,ST02,Suburban,Bus,83.56667556067822,36.280391717559525,58.05561154619314,0.3374750477348083,0.4127006792286628,1,0.19056124028573662,28.87878814867779,0
2025-01-14 10:00:00,ST02,Urban,Commercial,62.01768442043203,32.73082921987755,39.725725092642094,0.3558468498409425,0.17176636115170485,3,0.10301407913805072,40.105303608272976,1
2025-01-14 11:00:00,ST01,Urban,Commercial,48.833624464631015,26.72953403521296,32.33671696523284,0.298222276150372,0.6004451517779912,5,0.5620819014360728,46.82169122252396,1
2025-01-14 12:00:00,ST01,Suburban,Passenger,52.39486097330685,22.56466006676996,21.139630692203042,0.10714941233452634,0.49617215413723703,0,0.5934314070505545,21.993757992783372,0
2025-01-14 13:00:00,ST01,Suburban,Passenger,58.79598859483662,45.907814430352914,45.332107388764314,0.23388907476586077,0.32013922152206653,1,0.8434897555940103,34.839714483780476,0
2025-01-14 14:00:00,ST03,Urban,Passenger,78.16410522113354,6.3105703245097375,33.338247363133746,0.1735492962883965,0.47894820832269713,1,0.41773817644376265,34.55498870609896,1
2025-01-14 15:00:00,ST05,Urban,Commercial,63.89683294534326,39.60984845782846,34.93382692460119,0.3720571371646708,0.7202384147180024,2,0.5323847130744477,35.45931088442901,0
2025-01-14 16:00:00,ST02,Urban,Bus,40.40888187400769,45.58593072869999,22.67280374162801,0.12268186054801866,0.7413262102464512,4,0.991304059411111,36.72311976758589,0
2025-01-14 17:00:00,ST02,Highway,Passenger,71.40443110404831,25.08595607434667,28.60048862386878,0.32552135644465774,0.6196209029994952,1,0.5318450833591791,30.259320799172325,1
2025-01-14 18:00:00,ST03,Suburban,Bus,95.29080351444507,29.781072116179104,57.06353728836924,0.18425268890972038,0.4741982667201311,0,0.5735760877520161,28.978283179969488,0
2025-01-14 19:00:00,ST02,Highway,Passenger,88.72465666052074,47.500865954691704,62.20695049178478,0.47953833538682444,0.5605997113630784,2,0.995917414877384,45.493784127403856,1
2025-01-14 20:00:00,ST01,Suburban,Passenger,89.51268227557787,14.552488187848148,65.28226705971338,0.23421637687461422,0.4080122970844937,8,0.9941293814497726,89.02626167914447,2
2025-01-14 21:00:00,ST05,Suburban,Commercial,87.70348105636788,28.40606815031082,65.93186343991896,0.2300884765498537,0.2012450743953906,3,0.424030445597287,53.8834974284254,1
2025-01-14 22:00:00,ST04,Suburban,Passenger,59.42384953662542,26.36245072076958,35.36239287342847,0.46935386719628946,0.40849647790887356,4,0.6349468296029644,44.39262505026705,2
2025-01-14 23:00:00,ST02,Suburban,Passenger,85.91163002526352,16.627669154166654,56.03624524263539,0.2669391681216565,0.5242662048557074,4,0.4808025078372532,50.30641089338345,2
2025-01-15 00:00:00,ST01,Suburban,Commercial,48.58968146867158,41.836695366789854,20.98140760329142,0.4851449336742969,0.5790672117204673,2,0.7207154516572003,31.856357253187085,1
2025-01-15 01:00:00,ST04,Suburban,Bus,79.46296883655721,45.48202676434561,47.29757401748265,0.1096681408534014,0.8486407808436968,2,0.9383865211333915,41.67392267475373,0
2025-01-15 02:00:00,ST05,Suburban,Passenger,78.49411400109966,40.1869660904694,36.25849580526718,0.22253783008085853,0.721866756024493,2,0.30965930837327327,32.2340274565245,0
2025-01-15 03:00:00,ST04,Highway,Commercial,41.53418794538408,13.791153238187377,22.754805866174244,0.3664771841065725,0.22159404915574188,3,0.8188751704389413,28.929944645537457,2
2025-01-15 04:00:00,ST01,Urban,Passenger,87.2782080154559,8.90368859756217,46.407754244898875,0.4563427858110555,0.23934576532234245,5,0.6548489327759801,54.46401291428647,2
2025-01-15 05:00:00,ST04,Urban,Commercial,94.19488630570783,32.24500183874041,53.63609712993023,0.20256223720331357,0.18039580739180325,1,0.2801848012742173,35.496158114781785,0
2025-01-15 06:00:00,ST03,Highway,Bus,56.04491670832646,7.569264222944777,35.23289734004646,0.47219103678546726,0.6905453817767342,3,0.7972996581819937,43.26101336789685,2
2025-01-15 07:00:00,ST04,Highway,Bus,88.74344345116904,35.277164985113785,67.54713044927405,0.3376485865996753,0.6648978227934856,0,0.4271330191975715,39.73379994441308,1
2025-01-15 08:00:00,ST02,Highway,Commercial,44.94435831171689,28.86908991472592,25.069686772585886,0.42040329727916637,0.8890903213575049,4,0.12039717548129492,32.071095838671944,1
2025-01-15 09:00:00,ST02,Highway,Commercial,75.99807149566396,34.82535797346486,60.224860101590664,0.2588829217227589,0.517618734131479,5,0.9934163572758093,66.47021180898467,2
2025-01-15 10:00:00,ST03,Suburban,Commercial,69.13881192005663,31.55768481423848,48.64684375052658,0.18487215302674934,0.7611319430791056,4,0.4256463329723189,53.48344696559097,1
2025-01-15 11:00:00,ST01,Urban,Bus,72.75541199854,24.021615628722774,43.98737051482934,0.46449416617907724,0.5611518869142301,4,0.5415525473761613,39.9887236841207,2
2025-01-15 12:00:00,ST02,Suburban,Passenger,95.5723121130607,14.039473106310272,62.84936310791435,0.4732543473624875,0.7992693700219496,2,0.8079617307637607,48.67691909268258,2
2025-01-15 13:00:00,ST05,Urban,Bus,92.27891483481122,18.756596111471985,40.68482016670204,0.29903005766165425,0.6768168314422012,2,0.9608761351199334,40.99478297210266,2
2025-01-15 14:00:00,ST02,Urban,Commercial,87.10501943438543,28.60252583985394,64.2668335328873,0.10259800639970261,0.6143072119930023,3,0.8728878499603157,51.25097909421023,1
2025-01-15 15:00:00,ST02,Highway,Commercial,56.42190746070226,34.334064214142266,35.71185035974857,0.1439131814681618,0.5520981367864403,4,0.5250532078015666,47.755041544296965,0
2025-01-15 16:00:00,ST01,Suburban,Bus,94.7091177211655,40.07673575980378,75.23947951413989,0.3292111840926887,0.6783764195543799,4,0.5456960755331153,66.07420444231684,2
2025-01-15 17:00:00,ST04,Highway,Commercial,45.850461547832516,39.522682330207736,30.01240527648315,0.1095106809207545,0.43572307413680844,1,0.2808869366096629,27.805678707810568,0
2025-01-15 18:00:00,ST02,Suburban,Bus,91.19975299352727,48.77099344674884,66.90820934258244,0.2587647695946781,0.17726126456453128,2,0.4628028781590837,58.88060436465529,0
2025-01-15 19:00:00,ST03,Urban,Commercial,59.689604341216466,17.862865189853423,42.97085041020416,0.22134797822880503,0.13198890303827265,3,0.9468388821751473,47.60450602194865,2
2025-01-15 20:00:00,ST04,Highway,Passenger,43.226338699719,8.199981869604656,23.26374377627253,0.3857393101608819,0.4832189852873391,2,0.7269409439386563,27.4854327881418,2
2025-01-15 21:00:00,ST05,Highway,Passenger,80.1614190544449,20.554562099383666,40.388870069900335,0.12223146917917412,0.5794332657761131,2,0.011876990741532922,35.006081774411555,0
2025-01-15 22:00:00,ST01,Urban,Commercial,53.876795698957324,38.44825138508345,30.828164217283536,0.295492507590915,0.16307922445650036,3,0.11650678182274099,28.639333444015026,0
2025-01-15 23:00:00,ST05,Urban,Bus,54.614267551877916,24.715024296498285,32.052924538688515,0.3316457079502422,0.32952283912968183,5,0.9238112699578551,52.585181037052976,2
2025-01-16 00:00:00,ST04,Urban,Passenger,58.36282997372629,41.800479376523874,28.94994104485896,0.3469164304210471,0.35762576478038965,5,0.8487193289276141,53.14630509992624,1
2025-01-16 01:00:00,ST04,Highway,Bus,43.821086050151,29.719686433370672,33.20933457541841,0.2620630688067763,0.550236428166601,0,0.4861644657483969,25.627268504045837,0
2025-01-16 02:00:00,ST04,Suburban,Commercial,50.62762865189524,46.840627518372635,31.23821614013278,0.2217471133718204,0.3227859648342313,2,0.6169782808672586,38.825617158980975,0
2025-01-16 03:00:00,ST05,Highway,Bus,40.30837765513362,47.6538548899581,31.899153491442945,0.3729972134948595,0.17651887964480537,4,0.2896460103807249,37.479962572277,0
2025-01-16 04:00:00,ST04,Suburban,Passenger,66.72457126634721,8.118702770843692,48.309064089841335,0.439027619240998,0.2318853927572401,3,0.792830752100424,50.62811850987204,2
2025-01-16 05:00:00,ST05,Highway,Bus,45.05532264507828,25.538604787059093,28.037113770190235,0.3774470551131516,0.23915824128335458,4,0.6033174468894399,40.515768120200875,1
2025-01-16 06:00:00,ST04,Highway,Bus,80.95915630265193,32.43600775623056,63.05229528233924,0.47284094618288863,0.7741559553782092,3,0.6948257054559152,54.7406025177509,2
2025-01-16 07:00:00,ST03,Urban,Commercial,54.137371071498904,16.514264336549573,32.58798651238718,0.3869054101431709,0.3274557495826332,4,0.3749098380089979,41.309534173824105,2
2025-01-16 08:00:00,ST04,Suburban,Commercial,96.61444864211063,23.31845507205411,72.92870209437105,0.40584749360544736,0.6717533871318055,7,0.43043800651148056,78.46328334331746,2
2025-01-16 09:00:00,ST05,Highway,Commercial,92.27509764391915,35.495669350296424,50.12917691976887,0.16716127864083555,0.5542709970714447,6,0.20768208296445678,56.974291345049835,1
2025-01-16 10:00:00,ST02,Highway,Passenger,57.3664536980925,15.203040210426265,31.635129781511544,0.26781585781068473,0.8816310028931537,1,0.9480525429208718,23.19588451920537,1
2025-01-16 11:00:00,ST04,Urban,Passenger,86.99292727940073,32.089160883850354,49.34693575055084,0.29402213238238606,0.3182581351041618,3,0.9465570203865744,49.91011399450625,1
2025-01-16 12:00:00,ST02,Urban,Commercial,88.19469427988838,36.38515226739378,54.5616704037598,0.20251726491784305,0.2266984164233602,4,0.8177512472399041,57.26715256809371,1
2025-01-16 13:00:00,ST03,Suburban,Commercial,99.19378684686463,9.072333999314004,61.63863309231211,0.31141594414251517,0.14163027015564833,4,0.9355551191991839,59.96553425556621,2
2025-01-16 14:00:00,ST01,Highway,Passenger,75.8703992107411,27.388819221235373,45.41295342646515,0.21631677768873903,0.2927677298250244,4,0.6653280525803787,51.537175337962786,1
2025-01-16 15:00:00,ST03,Suburban,Passenger,44.91794407861973,16.838601346588582,23.46515147921266,0.37500083712176646,0.647256709132314,3,0.2346518693030748,28.461692117130298,1
2025-01-16 16:00:00,ST04,Highway,Passenger,78.81023373558286,37.59738601991201,60.75343677875669,0.28811539068127034,0.1682065797094885,5,0.7602105221924912,61.62311079669491,1
2025-01-16 17:00:00,ST02,Suburban,Passenger,77.49878490256211,13.529997884162322,49.24539690306818,0.28352278170761425,0.2957614761197268,3,0.3252762092417024,49.83089508288517,2
2025-01-16 18:00:00,ST02,Urban,Commercial,78.30103464522591,45.15070619921479,44.0909748553845,0.4934570124131247,0.7842466945472096,3,0.44048168929841414,52.73550369738857,1
2025-01-16 19:00:00,ST05,Highway,Passenger,58.42873888625269,24.39236014332471,38.59047499771407,0.2569779394170282,0.5663623594916162,6,0.2743501638553697,56.436793883436394,2
2025-01-16 20:00:00,ST02,Suburban,Commercial,91.58077510481998,13.910136363839907,64.764706415911,0.24491817303582733,0.15561723220255638,3,0.42362191772126967,48.74573824444192,2
2025-01-16 21:00:00,ST05,Urban,Bus,97.5683309773247,24.710980835764822,76.52198682751614,0.22744174851306176,0.13814651539981063,3,0.679317365656695,61.17917908608298,2
2025-01-16 22:00:00,ST01,Urban,Bus,53.06275077868909,23.393469326383755,31.8280813911187,0.45789968839031925,0.14889830026061351,5,0.11061056130502978,42.770394338020076,2
2025-01-16 23:00:00,ST04,Suburban,Passenger,45.28912948819867,24.301353177216964,20.146389375563345,0.29868953043927127,0.8535000401178022,5,0.10520692899301642,39.47886752459634,1
2025-01-17 00:00:00,ST05,Highway,Bus,51.67210199010904,31.35025820738511,29.778958974276065,0.34000579099225425,0.7798971428488438,3,0.683770012088142,37.667964581369034,1
2025-01-17 01:00:00,ST01,Highway,Bus,89.23312835534313,28.45281762110919,52.78926797758061,0.172327391600958,0.7759520336150197,3,0.7795811667746075,52.26567998725037,1
2025-01-17 02:00:00,ST02,Urban,Bus,80.59867808919086,11.73997092564062,61.158086017915394,0.3163769440019708,0.8393734097948368,1,0.551466684712365,50.035642787270916,2
2025-01-17 03:00:00,ST02,Highway,Passenger,78.16284054034759,7.951058269098635,43.60863602036964,0.20985927714739533,0.5042043122007283,0,0.18164101406746547,14.404036120036878,1
2025-01-17 04:00:00,ST01,Highway,Passenger,64.10758810656547,37.82369519269432,50.089162964777785,0.39225476850515106,0.2978757369146752,3,0.4307568483609884,41.82080104306415,1
2025-01-17 05:00:00,ST02,Highway,Bus,74.66967829068614,30.187284616774107,44.35772870730494,0.4330113395169529,0.4210784033908145,2,0.7581755223840144,44.557696479766825,2
2025-01-17 06:00:00,ST01,Urban,Commercial,58.47244751646204,21.15503456356687,46.164710701002626,0.3859242768525111,0.6750912583070486,1,0.6857331015524998,34.71862879744519,2
2025-01-17 07:00:00,ST05,Suburban,Bus,68.63200476507768,41.37610201241333,27.67786879200141,0.39209766650810296,0.800826297217012,4,0.10986547781937006,37.90144691070963,1
2025-01-17 08:00:00,ST05,Highway,Passenger,87.58378170223935,22.462631341743062,66.52217251195795,0.3049898816478068,0.4480727413596195,2,0.969147180958245,52.00355277133883,2
2025-01-17 09:00:00,ST01,Urban,Passenger,98.87449584732772,40.81842903202734,76.375424442545,0.3848472225336541,0.528304764305649,3,0.22336388088633652,63.22219401096382,2
2025-01-17 10:00:00,ST05,Urban,Passenger,95.9493354153881,18.759025738056863,75.26346220893389,0.2690747742032641,0.8454263946210027,0,0.2203895045804547,45.64200193596084,2
2025-01-17 11:00:00,ST05,Suburban,Bus,96.03195657077492,8.27803838953399,38.91508869309112,0.3605956614118452,0.1859989096875433,4,0.4598572477454559,45.54958503170685,2
2025-01-17 12:00:00,ST05,Highway,Commercial,64.13342409082674,46.968786220996805,30.05807466322297,0.20361568404820587,0.7898393735792991,3,0.3272431290000485,41.6725434776543,0
2025-01-17 13:00:00,ST03,Highway,Passenger,68.12739283040746,22.754800817661792,45.0666655804866,0.12790280492480408,0.22744598580154873,4,0.983985988644394,53.921515741919194,1
2025-01-17 14:00:00,ST04,Suburban,Passenger,82.3381237821389,40.671165778222004,33.774198970915364,0.2653893056487874,0.4870890802324962,2,0.07648977325413198,27.983178632717127,0
2025-01-17 15:00:00,ST02,Suburban,Bus,95.33151568307706,17.5614859950037,40.558183079864776,0.284711262312196,0.27473850293044766,2,0.30643919092327754,40.694309706914574,2
2025-01-17 16:00:00,ST03,Urban,Commercial,48.51965556112508,34.08643004556452,23.69853054582894,0.202562863275476,0.5823581045524834,4,0.382722160427296,28.680439012215054,0
2025-01-17 17:00:00,ST05,Urban,Bus,58.254511829631745,44.298989296597775,35.24257615995844,0.39108380736289505,0.5468587373666128,2,0.49345899372194046,33.395118617764055,0
2025-01-17 18:00:00,ST01,Suburban,Passenger,48.354810675646576,6.873981005299115,29.900730230537597,0.12942019159051169,0.40400589139260157,2,0.016406428726948752,26.88022950678015,1
2025-01-17 19:00:00,ST05,Highway,Commercial,76.72051179756733,42.37860941087401,31.739617069217715,0.18909932975167543,0.7906428118760995,4,0.08236213180828056,35.58033644769041,0
2025-01-17 20:00:00,ST04,Urban,Commercial,58.37805981325225,30.709985223736787,27.329507747838328,0.3994258873814508,0.6278506562304479,1,0.25780964272981155,17.515273528025183,0
2025-01-17 21:00:00,ST05,Urban,Passenger,59.56647115075441,32.336228925885614,35.73286989012458,0.27484970949600496,0.676964099969555,3,0.5540020816855962,38.0469440504082,1
2025-01-17 22:00:00,ST01,Highway,Commercial,44.25495756927876,28.542110036269218,28.215909819120096,0.382113449615725,0.22052779056613483,0,0.7677715701934723,14.234085608995988,0
2025-01-17 23:00:00,ST04,Urban,Commercial,60.98776370845552,44.351379647763906,28.015380523076303,0.32699435111343855,0.8065325423804941,3,0.6864953488149492,43.63970762026335,0
2025-01-18 00:00:00,ST05,Highway,Bus,91.74979044409511,6.954501075603686,51.337362564262676,0.480285099998945,0.23363213089601473,1,0.5670249127226106,44.355999984604296,2
2025-01-18 01:00:00,ST04,Highway,Passenger,53.984368713450095,16.746277619113165,41.123163730942075,0.3391183330891332,0.2782279713679682,2,0.3972328397276593,34.90046368168844,2
2025-01-18 02:00:00,ST02,Highway,Passenger,81.71124797260394,44.40931424866199,65.3330221264364,0.10594758973820789,0.20244411079750435,3,0.8706945022561537,54.81859415567162,0
2025-01-18 03:00:00,ST02,Suburban,Passenger,77.77770069631556,38.85555661393802,61.82438843489936,0.2411509402017336,0.4522873663750525,2,0.45977254325826045,38.12462233886753,0
2025-01-18 04:00:00,ST05,Suburban,Passenger,91.80907650214692,5.7940322080372635,69.10191962682693,0.1572242728818831,0.8101673854018479,1,0.29925280560893,39.27457737450908,2
2025-01-18 05:00:00,ST04,Suburban,Passenger,47.937276859062294,28.265282744436888,26.742482704136293,0.46985347103908126,0.30195801568788766,2,0.6293351148520573,37.07906992692618,2
2025-01-18 06:00:00,ST01,Highway,Commercial,98.65539762070259,28.83077063207037,66.55586296059712,0.14160498171403213,0.3990027363383626,1,0.6921149965863089,45.23966944533931,0
2025-01-18 07:00:00,ST05,Highway,Bus,74.95771876242193,23.039696080755967,42.47380872451229,0.255082665252435,0.7768531360603376,6,0.3984702448588554,52.65273363299967,2
2025-01-18 08:00:00,ST02,Suburban,Passenger,99.72844914080886,18.382699942789536,65.76201750075455,0.1904396774506769,0.5942522238071114,1,0.02814328104591457,38.39500078521403,1
2025-01-18 09:00:00,ST02,Urban,Bus,94.69088355195105,35.67761826855539,49.59652705108594,0.4386887961586934,0.7012931149170215,1,0.09413150023671057,28.042620522921176,1
2025-01-18 10:00:00,ST05,Highway,Bus,53.29103632678635,14.350570911713922,34.23847305812572,0.2234265990355668,0.2712000395488919,0,0.8455988918936618,17.692518327268743,0
2025-01-18 11:00:00,ST04,Urban,Commercial,43.36972059419879,40.95268529322677,26.43399209941341,0.49675739325705803,0.6731918906660603,2,0.05654792118530794,22.250279534954082,0
2025-01-18 12:00:00,ST02,Urban,Passenger,55.338345627721694,41.13667223453623,22.677217215340423,0.11544664224490037,0.282088462913418,1,0.5920196670421323,17.033428880822253,0
2025-01-18 13:00:00,ST04,Highway,Commercial,71.65381893996519,23.686764690776922,51.32428065611759,0.15131070898502635,0.8898511857685288,3,0.18370938544939186,44.639276398424826,1
2025-01-18 14:00:00,ST02,Highway,Passenger,50.2957820239114,17.759660490934145,20.357677120428324,0.18985551057164365,0.5479089249013899,1,0.22892629124417707,22.109471254971464,0
2025-01-18 15:00:00,ST02,Urban,Commercial,50.047584671079306,17.774518171582095,25.887732605132584,0.42444241608006383,0.6565114064345096,5,0.27333395973618113,37.11682532834818,2
2025-01-18 16:00:00,ST03,Urban,Bus,67.75561282630919,26.703109579829455,27.26280060462732,0.4514068836256063,0.19472126731320227,3,0.03829138619702044,29.987634943132694,1
2025-01-18 17:00:00,ST02,Suburban,Passenger,41.996078270161505,37.38106511372114,23.11802490730081,0.12858055224376896,0.30052478403325567,3,0.1772352741402924,28.253313003228662,0
2025-01-18 18:00:00,ST01,Suburban,Bus,47.313284951936225,21.149091094723644,20.120646807472376,0.11298405670491057,0.2117925276514835,0,0.6504999845139404,12.8803793246334,0
2025-01-18 19:00:00,ST05,Highway,Bus,64.95168036447686,32.45195054559882,49.714301076617545,0.3978227428418317,0.41213657221737854,3,0.49871713620800506,33.45624536683582,1
2025-01-18 20:00:00,ST05,Suburban,Commercial,43.78779455247799,22.211800726216744,24.79578965151542,0.1533408027014454,0.32730869136431884,1,0.7973290857389358,20.24801865657953,0
2025-01-18 21:00:00,ST04,Suburban,Passenger,63.80530338733176,18.70354351181225,37.24942828310102,0.15319943482985568,0.6863378077044554,5,0.061242106551493536,40.35663450209512,1
2025-01-18 22:00:00,ST02,Suburban,Bus,68.4403759569067,6.118678216210737,36.95370305743096,0.10894661379777171,0.18696718370252097,2,0.8888982962516311,38.082326022629246,1
2025-01-18 23:00:00,ST01,Suburban,Commercial,67.07599684438686,5.176134758092578,43.66663906538315,0.11992315103336876,0.7016474947602946,2,0.9963985318994728,43.01325606507376,2
2025-01-19 00:00:00,ST04,Urban,Passenger,92.15049144418523,15.224345502440201,65.77363395334419,0.20547018343819567,0.13656385971087,3,0.015739972248782985,54.251909448269025,2
2025-01-19 01:00:00,ST03,Highway,Passenger,71.80374730310395,23.288282906044795,47.337244902529044,0.12600219576432253,0.2616142698579139,7,0.9676400655399332,63.178123556449414,1
2025-01-19 02:00:00,ST04,Suburban,Bus,68.0788277486826,43.30675253129271,47.606356512897065,0.24755163666371025,0.7335719935716823,2,0.23586271297102002,32.06259329389467,0
2025-01-19 03:00:00,ST04,Urban,Passenger,64.64255472349997,40.931790931869145,49.282802737978834,0.4331100124909396,0.6942213128863159,2,0.692543138206037,38.342793889830745,1
2025-01-19 04:00:00,ST02,Urban,Bus,89.05740269826917,17.022436816459546,66.38504556721011,0.23052810292863707,0.48106089113509076,4,0.29248344310492624,55.16493405584998,2
2025-01-19 05:00:00,ST03,Urban,Passenger,93.70339623998998,16.00431993429347,62.74598501091365,0.3911336650317486,0.13998617206204145,4,0.5218128787475205,57.68893747876744,2
2025-01-19 06:00:00,ST04,Suburban,Commercial,91.19454815182705,15.229493198151236,44.307344078050015,0.13756398593241204,0.5879149933354395,2,0.5104185098361658,39.40872083727987,1
2025-01-19 07:00:00,ST01,Suburban,Bus,80.41279468788345,20.265680323799018,52.6769052482384,0.3637500749677972,0.42537928317927876,1,0.3611054794490721,25.537854543863467,1
2025-01-19 08:00:00,ST01,Highway,Bus,48.241704758120456,27.41894238027584,29.06240641836392,0.226698873302974,0.35322252015837585,3,0.7175467682883337,42.68166233825283,1
2025-01-19 09:00:00,ST05,Suburban,Passenger,56.61219816952074,24.740049741420897,38.88622216258956,0.3999011514788152,0.6123285094612274,3,0.5996364818633143,42.787223662066914,2
2025-01-19 10:00:00,ST03,Suburban,Passenger,42.76378382091865,14.82229394516722,31.353237108157874,0.15450080562255275,0.44929164976138114,6,0.5082770039431757,55.172953899314884,2
2025-01-19 11:00:00,ST03,Urban,Bus,95.84944449940684,10.870313447462811,66.81555496899709,0.4591533511057928,0.1739368803625429,0,0.9828393119182566,31.29170523894957,2
2025-01-19 12:00:00,ST05,Highway,Passenger,79.64791178145462,5.566001561878792,58.82989646565444,0.19703088115917466,0.8327603764098755,2,0.9400093261873264,52.97453023771771,2
2025-01-19 13:00:00,ST04,Suburban,Commercial,84.7817730587945,11.928345739992674,36.07859097179257,0.2412551173124706,0.7227944795627032,1,0.9554358457936615,27.6183295549639,1
2025-01-19 14:00:00,ST03,Suburban,Passenger,58.694304374933736,36.741036658735325,24.2200882094362,0.4800722843272167,0.14510255303244196,2,0.8813239598032879,28.669665087119583,1
2025-01-19 15:00:00,ST01,Urban,Commercial,90.73921133664055,15.963735620551232,45.67813959191023,0.3313929438923436,0.5200510961525565,5,0.2551553387543798,57.56065233066047,2
2025-01-19 16:00:00,ST01,Urban,Commercial,55.57619702250871,26.087081455467942,42.2527171057685,0.24630860758520878,0.16670205031890264,1,0.349976030978181,32.91409513080018,1
2025-01-19 17:00:00,ST02,Suburban,Commercial,40.09862542674698,31.608551701546013,29.25049168449133,0.47984085881345273,0.769831887246788,4,0.23105461954550788,33.55235047898151,1
2025-01-19 18:00:00,ST03,Highway,Commercial,62.58489775124164,44.90784062742232,42.125326350297094,0.2316309667560128,0.5904111688415775,6,0.9861768872228465,64.90538735494482,1
2025-01-19 19:00:00,ST04,Highway,Commercial,74.24568885754441,44.99847942770388,50.5095995378004,0.13794828507007192,0.2379593068584548,2,0.15266186976349116,38.5854440968955,0
2025-01-19 20:00:00,ST05,Urban,Passenger,68.72229147793135,38.558018015661155,47.46430050987975,0.498739555143768,0.11659307424496063,2,0.3665117555589056,35.36047083150753,1
2025-01-19 21:00:00,ST05,Urban,Commercial,91.72456855459582,6.582064642182564,71.27375782998246,0.20713796822356556,0.1252648097171365,4,0.19904442471935646,60.00626361863291,2
2025-01-19 22:00:00,ST04,Suburban,Passenger,46.32431715737002,30.87816885884367,33.95000161296901,0.440503139479843,0.5058923776518638,1,0.2234538121842532,22.31867245553499,1
2025-01-19 23:00:00,ST02,Urban,Commercial,73.22940643802353,40.39625618741779,47.5519657836736,0.1662163179292349,0.6874987829414191,3,0.24708788480321153,43.1814621486829,0
2025-01-20 00:00:00,ST05,Suburban,Bus,70.77876098925444,5.777962014351345,47.158909867270836,0.39254158871095124,0.19667236106716735,2,0.639670675559954,41.84703311214624,2
2025-01-20 01:00:00,ST03,Highway,Commercial,56.88357893032978,29.735807614546022,27.6167559991492,0.3097797577889008,0.27702725273196604,7,0.0760493701915278,52.08603983134365,1
2025-01-20 02:00:00,ST02,Highway,Bus,89.33368675462063,43.59938656037132,59.22176031161853,0.49236262331605185,0.3618079561356259,1,0.572529873623784,49.957859828144066,1
2025-01-20 03:00:00,ST03,Suburban,Commercial,85.17091935293237,26.334593412902013,48.53648850820315,0.3211321424369598,0.2744614256489224,3,0.8192862362841031,52.18739719654521,2
2025-01-20 04:00:00,ST01,Urban,Commercial,83.97155123990986,5.184779130385181,38.72639871809301,0.11000606075634166,0.41306925014972695,3,0.7665237766044308,47.02833712254523,2
2025-01-20 05:00:00,ST02,Highway,Commercial,92.57154869617337,5.495601125102335,66.88860261871565,0.34155119584963517,0.5476920046120609,5,0.15117169828232546,57.321500416353274,2
2025-01-20 06:00:00,ST05,Urban,Bus,83.36707603729127,23.748621683618776,50.36195392175499,0.15812658253465042,0.6479493985930473,5,0.9147317347788052,51.7413649654532,1
2025-01-20 07:00:00,ST02,Highway,Bus,53.91047750288359,11.975390033753955,42.64157128945448,0.41941636611283484,0.8710201457657828,3,0.770090381404774,43.08323379618755,2
2025-01-20 08:00:00,ST02,Suburban,Commercial,82.33376269898147,34.900279569196684,42.210193530995724,0.44262727859595963,0.8446749357465556,4,0.005302510932846061,38.72621950019782,1
2025-01-20 09:00:00,ST02,Suburban,Passenger,58.46216880339063,36.89596692077693,34.62527441908591,0.29283740751788573,0.5561015798631316,2,0.7373736335395861,37.684428029268155,0
2025-01-20 10:00:00,ST02,Suburban,Commercial,54.53047902084823,13.004590795728287,31.58395430524173,0.4132885828209195,0.6873200451650837,4,0.7374216786219986,42.17790674166105,2
2025-01-20 11:00:00,ST03,Highway,Bus,44.38021557397764,44.98399798360182,19.89617472658302,0.15804429419264207,0.8606977637003423,2,0.4968160805399847,31.547368903085605,0
2025-01-20 12:00:00,ST01,Urban,Commercial,84.6417148208606,24.885853024051663,48.283537092986776,0.2968312746142584,0.16677755563312385,4,0.045982416006372206,35.90572892966792,1
2025-01-20 13:00:00,ST04,Urban,Bus,82.66005771698867,11.428065841636567,42.57169720858477,0.25757770587623385,0.10450780788914332,0,0.5799059382823495,25.68820373433936,1
2025-01-20 14:00:00,ST02,Urban,Bus,54.069968660445625,39.391321913122795,25.095396609153457,0.3445269548212325,0.12383981098366661,3,0.7657467600343092,37.06912728881137,0
2025-01-20 15:00:00,ST05,Highway,Bus,84.96274100344937,40.548852500754776,43.574181125035544,0.117790875521264,0.5506794898983711,3,0.2708740553210006,34.61807379767092,0
2025-01-20 16:00:00,ST02,Highway,Commercial,95.07045298561317,33.76829626994559,46.89831877358778,0.400849135299451,0.7102667402420274,3,0.6670682182517874,49.645141141618346,1
2025-01-20 17:00:00,ST05,Highway,Bus,46.48173744949476,43.40594989411489,32.24110023453341,0.13165171578987347,0.3936599605960277,1,0.35392619504438194,29.02166216455627,0
2025-01-20 18:00:00,ST03,Highway,Bus,53.9581983032065,38.18178374138021,22.247508589812316,0.36258860701206597,0.5361913397820949,4,0.5738548329022312,34.70609780753298,0
2025-01-20 19:00:00,ST05,Highway,Commercial,85.01564764523893,44.699258175214574,55.00385722235614,0.10738289021597769,0.5130930548388295,0,0.3845657494316247,44.59203618144565,0
2025-01-20 20:00:00,ST04,Urban,Bus,56.470400410424695,24.524962181846576,39.77010038849151,0.43275522550269185,0.17581671327361567,4,0.3037614660177791,37.33362572678154,2
2025-01-20 21:00:00,ST01,Highway,Commercial,77.479838457023,38.64187076447491,45.890485682696315,0.16987985208951253,0.3572706113792392,2,0.8559144754320444,34.77246636125483,0
2025-01-20 22:00:00,ST05,Highway,Bus,44.86985346782287,49.988820354306995,34.667615046613406,0.30619899039079623,0.11554812414584159,6,0.7538382591853766,52.5010199517869,0
2025-01-20 23:00:00,ST05,Urban,Passenger,67.13214874621232,37.62190388838287,45.86148034936145,0.20459716149104776,0.18856455104520872,2,0.345449133973149,37.33669080448035,0
2025-01-21 00:00:00,ST01,Highway,Passenger,84.3454853195772,10.138270110670948,58.97178746857156,0.3890588808244274,0.7494865783278223,4,0.43463164161520895,45.76598436964905,2
2025-01-21 01:00:00,ST04,Urban,Bus,81.19083658259515,28.324342509313233,38.872012471618966,0.2285404400758885,0.7635307977986552,3,0.691703417875346,44.44931001572235,1
2025-01-21 02:00:00,ST02,Urban,Passenger,88.90432604054841,31.430650605936258,63.20370613792849,0.3898436774353269,0.7415570560360558,6,0.8110787805905092,82.0141084641237,2
2025-01-21 03:00:00,ST05,Suburban,Commercial,92.64712759619013,12.839480378212595,67.89532591288025,0.21394848273419062,0.6814549127617893,3,0.6843412628247124,48.82602049127108,2
2025-01-21 04:00:00,ST01,Suburban,Passenger,86.39101007552549,48.33012353801169,47.04047131050242,0.40098923637430406,0.7346502771199214,2,0.5409315806826384,39.91163568582796,0
2025-01-21 05:00:00,ST03,Suburban,Bus,80.29526457633557,12.901089993557733,38.970923429944676,0.1122421985347617,0.6367858730156147,2,0.9543858319312717,43.81908281628603,1
2025-01-21 06:00:00,ST01,Suburban,Bus,41.90334950896187,12.990106387095025,23.21530507931767,0.2133245341495394,0.6358666710530309,3,0.7741436197415636,38.1774983080146,1
2025-01-21 07:00:00,ST03,Highway,Commercial,72.09800040456665,46.18252120885497,50.168902421103695,0.2994534025761116,0.6338894379934464,2,0.11559186039128866,47.03239891585475,0
2025-01-21 08:00:00,ST04,Suburban,Bus,42.261863494891166,25.934244490475198,23.964826460422533,0.11802383276789019,0.5112342317425633,2,0.5581390987920192,25.21692528059846,0
2025-01-21 09:00:00,ST02,Urban,Commercial,88.48406902696135,7.8434725673532295,61.4664097612768,0.17441362454851145,0.3906777867718756,4,0.4095566413956515,64.75869484341555,2
2025-01-21 10:00:00,ST01,Highway,Passenger,59.24347146759746,31.918437497233786,26.388571644292405,0.4738147926564813,0.684156212929244,3,0.7949356367907937,35.84232578713483,1
2025-01-21 11:00:00,ST05,Suburban,Passenger,73.74576244707526,32.08218568848716,53.27428423132794,0.49073370607207567,0.3389168108693933,7,0.04466303385743198,59.532674084879446,2
2025-01-21 12:00:00,ST04,Urban,Commercial,56.76671843913415,7.9025341408952805,28.456190502483235,0.3958999789561942,0.5343217051820954,6,0.4107235699624281,57.731007108022915,2
2025-01-21 13:00:00,ST01,Highway,Commercial,86.95000866281762,48.76351230351479,43.43775452041119,0.20088002024676516,0.44668449617430506,4,0.3182763153434859,43.063057766734396,0
2025-01-21 14:00:00,ST05,Highway,Bus,93.19015159851415,29.481348438255903,59.28313729869562,0.2042069781743876,0.3212978216749609,4,0.14118598457971832,56.40920435570334,1
2025-01-21 15:00:00,ST01,Suburban,Passenger,63.91854965278384,30.19080749808939,27.36015737656759,0.3583161431180292,0.8797519363619707,3,0.37880411531957203,30.004761923634028,1
2025-01-21 16:00:00,ST03,Highway,Commercial,91.77534361065935,28.405193652607753,37.675530605329605,0.14703984663948072,0.3070013161614556,3,0.6728002781844791,34.19550994306624,0
2025-01-21 17:00:00,ST01,Urban,Passenger,56.02450044737994,32.482930084007904,28.259400409156715,0.4793237521721466,0.347434450978424,5,0.3616778850325263,36.39022370855467,1
2025-01-21 18:00:00,ST01,Highway,Commercial,72.07965538453143,16.89348887481897,44.34535160603854,0.18992515980407385,0.2292700014064546,1,0.5800065753523652,36.50079582190131,1
2025-01-21 19:00:00,ST01,Urban,Passenger,91.52568579032223,17.925860658867837,69.83835918964806,0.4998542501701776,0.7583845002514324,5,0.5928117959393091,60.527665530914575,2
2025-01-21 20:00:00,ST04,Highway,Bus,59.55288055694742,28.01025904082597,43.98421340431008,0.29829351812098415,0.5692715204435915,2,0.5871111270580333,36.8127819348629,1
2025-01-21 21:00:00,ST01,Suburban,Passenger,97.24253590468516,41.30086346436108,57.97391735715053,0.4085719955971746,0.5904314051779086,8,0.5295318839442055,71.03448961665451,2
2025-01-21 22:00:00,ST05,Urban,Passenger,47.312770106883015,7.243905942238049,19.626321026601968,0.1008736378022229,0.7564491294392782,5,0.11698823568238792,31.58904185418079,1
2025-01-21 23:00:00,ST03,Highway,Passenger,41.096504183410374,32.15318954991107,25.23740817251425,0.45549856190065674,0.3743357269039035,3,0.21845592743532594,26.01893697309877,1
2025-01-22 00:00:00,ST03,Highway,Passenger,94.24812115469143,41.30501641278413,64.26951289829765,0.20800081791223218,0.25490674030417104,3,0.8000670762509892,56.17176225937822,1
2025-01-22 01:00:00,ST01,Highway,Passenger,44.11891996887233,12.061277241675223,23.632997134249724,0.3671746978192262,0.2587242911951232,2,0.5023654889227102,11.950545605640418,1
2025-01-22 02:00:00,ST04,Urban,Bus,99.5133517568495,5.676014389125483,44.22625332943779,0.4225421123174359,0.6860958571698075,2,0.706076315836315,43.39428108548655,2
2025-01-22 03:00:00,ST04,Urban,Commercial,97.08381171874638,19.072098281365612,49.65130017545647,0.1656590962236008,0.591292123569958,2,0.5699090802127617,34.050048767107,1
2025-01-22 04:00:00,ST05,Urban,Passenger,48.22125460217924,31.466466802831917,34.17129507355523,0.2770037925316916,0.26507110286567115,6,0.03869025450023833,41.63546290263885,1
2025-01-22 05:00:00,ST01,Suburban,Bus,72.25507754155396,11.222742803213647,39.05369115167137,0.2975343762607694,0.21605231571233885,0,0.7962137690179005,20.26895648226461,1
2025-01-22 06:00:00,ST03,Suburban,Passenger,51.09521784802866,24.175506693761847,37.03343560127283,0.22484778613568182,0.19654984412957824,1,0.06432419452904947,25.50581205163815,0
2025-01-22 07:00:00,ST04,Urban,Passenger,65.68931038180719,29.854467381842507,34.67138168129365,0.29270233189159256,0.6022389181624301,3,0.9431740511585731,49.08693509034456,1
2025-01-22 08:00:00,ST01,Highway,Commercial,43.68550775558996,31.949739264079273,20.332197061873053,0.22701826306213524,0.10009491592868001,6,0.21537692170507583,41.64166108891149,1
2025-01-22 09:00:00,ST04,Suburban,Passenger,53.43547526779537,17.34852744501688,30.69009580123759,0.24429909802208372,0.114655474082835,3,0.5124061434601496,37.65353595839739,1
2025-01-22 10:00:00,ST04,Urban,Bus,61.796367783933974,23.00133361938311,35.898115953861186,0.36773247148109556,0.41164250850087625,4,0.06358804246578653,41.27916121567682,2
2025-01-22 11:00:00,ST03,Highway,Bus,66.31885001476329,40.02526530804014,26.954851417896716,0.3530373073219989,0.6530798914209299,1,0.8949323786658212,31.13273454196784,0
2025-01-22 12:00:00,ST02,Suburban,Commercial,98.64977549253359,47.35466123543085,44.07849825500798,0.1929062903190101,0.6560315011979231,4,0.9799402545648044,46.82078559653259,0
2025-01-22 13:00:00,ST05,Highway,Passenger,88.47193874103888,43.78461490032158,41.93308085821272,0.45899315391816986,0.44409461888615254,2,0.14629250272118988,40.39674905411798,1
2025-01-22 14:00:00,ST05,Highway,Bus,84.24459665871677,30.392757578004435,37.525485758731556,0.4451154182685563,0.6528588852836557,5,0.29578654249351977,45.050797678031614,2
2025-01-22 15:00:00,ST03,Highway,Passenger,72.22247888451845,23.463176132477596,38.755335462060145,0.30363332267598064,0.5168769436641004,3,0.015874421793847793,35.94171115327424,1
2025-01-22 16:00:00,ST04,Highway,Passenger,90.3998656362606,19.98304764671382,71.04065686948202,0.27330029707830017,0.8815451334378522,2,0.7869654919674565,52.640108873174775,2
2025-01-22 17:00:00,ST01,Suburban,Passenger,60.359370139342666,10.623045473780813,36.438288725408945,0.25074239319364355,0.22996817106946646,5,0.3114643326814126,44.10639966513985,2
2025-01-22 18:00:00,ST04,Suburban,Commercial,82.53394676639897,9.794806124725085,53.731448893388766,0.3829071674665757,0.5805338141644846,1,0.5888374693418312,42.451940578586004,2
2025-01-22 19:00:00,ST03,Suburban,Passenger,99.62703852269033,35.9760931211146,54.05310717898801,0.36866642288378826,0.4929910207608029,3,0.039218501280014584,45.594292468799914,1
2025-01-22 20:00:00,ST05,Urban,Bus,58.87773453611193,16.690748727702218,31.169584436727256,0.17847224277519147,0.2555730757261555,1,0.7154602666747475,16.808533064328508,0
2025-01-22 21:00:00,ST04,Suburban,Passenger,80.44105209303804,16.459775889460104,32.92120111137556,0.3685832125201446,0.6999923457133628,4,0.5294039633567269,43.85042747373464,2
2025-01-22 22:00:00,ST05,Highway,Bus,90.65889184914295,49.918777451500354,54.407434651024715,0.200972477640816,0.3204064159455962,2,0.7249802459988351,54.94164286738314,0
2025-01-22 23:00:00,ST01,Suburban,Passenger,94.94845500104034,13.456668104320793,56.3465532066795,0.10742333460941023,0.4053678552748333,3,0.7895643131509639,51.997597628075376,1
2025-01-23 00:00:00,ST05,Highway,Bus,83.0759614564061,11.662689176997334,38.47516031250627,0.3796834710149508,0.39986445567002404,3,0.0892428661788337,32.575881912909736,2
2025-01-23 01:00:00,ST05,Urban,Bus,57.016475405028174,9.440835249196429,40.23821438571458,0.3579174409842999,0.29536357855035905,2,0.5780921207932251,33.98274829168408,2
2025-01-23 02:00:00,ST02,Highway,Passenger,59.57692909413679,31.09124053250583,35.571581095030695,0.26432370494973656,0.4445642653587242,4,0.6499440338816218,41.47560543006828,1
2025-01-23 03:00:00,ST02,Highway,Passenger,41.24548192743785,33.25387217009457,22.090980638898973,0.31027442236780245,0.47867670474209467,1,0.516718753944995,15.467558643532865,0
2025-01-23 04:00:00,ST02,Highway,Bus,85.65315866029059,21.435256681559686,39.29454830137662,0.4788676766823039,0.695377338247446,3,0.18240939826512226,35.54797489620668,2
2025-01-23 05:00:00,ST05,Urban,Commercial,42.56437636371708,29.093600098016047,26.426703046485006,0.3380800723621751,0.7120548595016297,3,0.795597284057737,35.22322439870081,1
2025-01-23 06:00:00,ST03,Suburban,Passenger,91.87914127616475,40.477978892521065,64.41892926851229,0.3631535741346126,0.22684477463332967,2,0.9974583288395984,55.18486284577783,1
2025-01-23 07:00:00,ST05,Suburban,Commercial,47.11963686847233,41.814687574478675,24.162937585652983,0.12556452837965645,0.5742178394620256,5,0.9692702524285228,44.161726051247506,0
2025-01-23 08:00:00,ST03,Urban,Passenger,50.312590728155456,48.106043407204176,24.5282805570669,0.1663977842700501,0.8169582386235165,4,0.7775295649772314,50.09406422552139,0
2025-01-23 09:00:00,ST03,Highway,Passenger,68.59158824993423,42.092059366529355,41.75677455931837,0.22038091056463527,0.18702928710764866,2,0.4181077227864215,30.37593667101807,0
2025-01-23 10:00:00,ST02,Suburban,Passenger,84.27282491012454,30.417864652284198,38.94561753740469,0.3157517272112572,0.47833123562731084,6,0.33730049784002214,53.58211848554244,1
2025-01-23 11:00:00,ST04,Urban,Passenger,48.34013231194466,13.08456346265807,32.22572464833036,0.41063635839332846,0.7002824979266742,5,0.0685457991008318,38.0604564328548,2
2025-01-23 12:00:00,ST01,Suburban,Commercial,66.4042645039899,9.489360096627909,42.64066515592138,0.22849635111543481,0.5891930675058746,1,0.4162863037516904,27.78986024073376,1
2025-01-23 13:00:00,ST02,Urban,Passenger,68.97107646460628,7.453035045988664,29.990887666268538,0.2425529721915096,0.18046852527729912,2,0.15604859773179902,25.158630608321854,1
2025-01-23 14:00:00,ST02,Highway,Bus,52.73713850011548,34.99366243034227,21.865247522251103,0.20246035406949955,0.4172849002807779,1,0.25433471350602843,19.49503704280024,0
2025-01-23 15:00:00,ST04,Suburban,Bus,46.933502600837905,41.339131492909694,30.4183286761498,0.20184373171812237,0.5057915985734912,2,0.8918867731773511,38.14254307826351,0
2025-01-23 16:00:00,ST01,Urban,Commercial,90.18525537913837,27.890777780783555,46.690485817121356,0.4795455383579187,0.8966764813730184,4,0.968525631511219,50.702267518385995,2
2025-01-23 17:00:00,ST05,Suburban,Passenger,70.14793898576593,7.462137867513797,30.484772161980832,0.35418287184755604,0.24288632745892225,3,0.9485590004657604,32.24384909774347,2
2025-01-23 18:00:00,ST05,Suburban,Bus,40.86287415904918,29.096175856610216,28.75812550498231,0.16236049741597874,0.88593901372809,3,0.1933556858433909,38.16080447240242,0
2025-01-23 19:00:00,ST02,Suburban,Commercial,88.17887807854623,47.108716768604765,46.34837037277508,0.38889943123370396,0.40091982738355514,6,0.9008942082353228,57.29741599145983,1
2025-01-23 20:00:00,ST01,Suburban,Passenger,98.84762832487509,31.892593591960722,57.71118151431768,0.3888084573440116,0.2602563888590571,1,0.14150530090026514,34.0381912202306,1
2025-01-23 21:00:00,ST02,Urban,Bus,76.35557172485484,41.42423698082667,37.775023276969584,0.366588078421482,0.43128726569919684,2,0.5076602078761498,34.23983503518219,0
2025-01-23 22:00:00,ST03,Highway,Bus,70.22250322504425,41.00686917762878,45.7097115132647,0.15388817803626545,0.5911960992278538,7,0.6436633672643735,63.78049564615762,1
2025-01-23 23:00:00,ST02,Urban,Commercial,92.70495178269769,46.94580949012938,48.26176831646621,0.26319659338783474,0.2707979151287967,0,0.4624668731004188,21.695918024166815,0
2025-01-24 00:00:00,ST02,Urban,Passenger,97.15100738107591,39.6602944542443,76.47808757213498,0.14270253219776527,0.33315126664170225,2,0.9518374354168085,62.06767931523774,1
2025-01-24 01:00:00,ST05,Urban,Passenger,85.27221495414763,38.64652313058903,58.08564376851985,0.4266482016368546,0.7836372013882319,2,0.3332127230916051,28.283666554362867,0
2025-01-24 02:00:00,ST05,Highway,Bus,66.72717578405727,15.534619923678827,30.34010686129039,0.3620688572711678,0.8992075693350943,6,0.5273776630980636,55.34278101782334,2
2025-01-24 03:00:00,ST05,Suburban,Bus,75.53328395988643,7.696631989448665,42.8030454438247,0.3028815747071274,0.35453815319874116,2,0.07544993547966361,37.93786663335493,2
2025-01-24 04:00:00,ST03,Suburban,Bus,82.05612190107996,28.291975927421348,45.47291305750528,0.23720619060023865,0.21908544315995224,3,0.852224580078157,50.77470443186011,1
2025-01-24 05:00:00,ST05,Suburban,Passenger,51.656414260108086,10.599539357603984,31.70148173149841,0.17369978979777337,0.7345366559952333,4,0.41336339594394467,38.46318096803464,1
2025-01-24 06:00:00,ST01,Highway,Commercial,66.83206193298628,48.29881443250961,49.240009965225866,0.14257903553324316,0.5803645498201162,3,0.7005321155919974,47.27236798236154,0
2025-01-24 07:00:00,ST04,Suburban,Commercial,89.7892758830371,18.046614318486284,56.869726464216455,0.4876962430147599,0.18032091470048092,3,0.6822456310494183,46.910955011909834,2
2025-01-24 08:00:00,ST01,Highway,Passenger,79.28352090990657,43.38248915229319,33.665580418220195,0.17985945678240922,0.8574171851488168,2,0.6762628928342468,33.93876926707885,0
2025-01-24 09:00:00,ST01,Suburban,Commercial,64.67224403271125,22.44310813411067,42.823779167685984,0.12394985068855427,0.1624396227199136,0,0.506938278757441,29.627055767460288,0
2025-01-24 10:00:00,ST05,Suburban,Bus,79.80175204088088,19.543741243581984,32.184534919240114,0.48466670887299856,0.6002851213069129,2,0.2775187905478407,23.392257586410892,2
2025-01-24 11:00:00,ST04,Urban,Commercial,47.09334472434759,47.08213575694795,33.52971662557489,0.3195806965431308,0.4391498047148652,6,0.6250945585613864,52.344365242850365,0
2025-01-24 12:00:00,ST04,Highway,Commercial,64.08985663389258,21.34951574388008,42.72578677668413,0.41866269399645717,0.5452991345919487,4,0.9617915038112181,48.59481466674943,2
2025-01-24 13:00:00,ST04,Urban,Commercial,87.58771227778338,22.56295588984114,45.85341667083025,0.11750633887932743,0.2705713565281156,4,0.8339492559463139,57.13053749651405,1
2025-01-24 14:00:00,ST03,Urban,Bus,53.23052722819888,9.774130082580912,27.51894346802589,0.32677834299186187,0.6504883194005213,3,0.10876823155377657,25.14188674010981,1
2025-01-24 15:00:00,ST05,Urban,Passenger,51.15769045344506,35.17009993771292,36.79819732324199,0.25928398564719807,0.8677757513066718,4,0.023187401586550083,41.76175803797943,0
2025-01-24 16:00:00,ST04,Highway,Bus,97.04911959498588,17.997773651488107,69.2285023570876,0.4087857737399534,0.46674069923593253,1,0.4989713568704347,44.340147322679485,2
2025-01-24 17:00:00,ST03,Highway,Passenger,52.593857775173845,31.352187552777824,28.449119078049623,0.11537025825562344,0.5183666220545818,3,0.7758293517147361,36.36154586890073,0
2025-01-24 18:00:00,ST02,Suburban,Passenger,55.655114779010084,31.610826682394425,28.917233959285824,0.26067622742464575,0.291849336455105,1,0.3139025531672073,25.878039492847748,0
2025-01-24 19:00:00,ST02,Urban,Passenger,98.17695633426027,37.36398630180952,61.25554007489697,0.41962936779447846,0.813494387000865,3,0.7012382779042275,50.720214875999204,1
2025-01-24 20:00:00,ST03,Suburban,Commercial,84.08251421590154,38.53586687775986,33.9143679761775,0.30907890585534803,0.8769395241119666,0,0.931921264238809,26.79274857444002,0
2025-01-24 21:00:00,ST03,Urban,Commercial,81.97579198141169,28.150359548069275,35.50099515644638,0.3200154963994416,0.7290375080688435,3,0.45898450693466886,42.895862144186516,1
2025-01-24 22:00:00,ST05,Highway,Passenger,91.17558303127487,19.894637642153135,41.07166758956117,0.1388658727863862,0.5342188017278432,0,0.24415965623062186,19.09257669727032,0
2025-01-24 23:00:00,ST05,Highway,Passenger,46.94938493420766,42.685290267563026,22.261742296290738,0.15293222244803656,0.8654374596069045,4,0.9177578620802471,41.66332926798549,0
2025-01-25 00:00:00,ST02,Highway,Commercial,82.35737419480043,18.943954223381812,49.81033705917311,0.37079984214631434,0.22308004429382144,1,0.47226396400371484,39.034549845838704,2
2025-01-25 01:00:00,ST04,Urban,Bus,70.22131655969433,27.837909251119914,55.95914006678178,0.3700186489159679,0.4827926879161748,2,0.40783930667511004,44.39265336295761,1
2025-01-25 02:00:00,ST02,Highway,Passenger,89.74903841704838,23.056366244167762,59.3281854727809,0.49164135770090933,0.5300845653811305,3,0.35336157154092396,54.603626234275566,2
2025-01-25 03:00:00,ST04,Urban,Bus,70.48850311991166,43.478527368635966,29.92374535347703,0.38478119522622023,0.4935331358019014,2,0.4230169524388131,28.59283178475417,0
2025-01-25 04:00:00,ST04,Suburban,Commercial,77.21448125613472,24.436333901562296,47.11872799330989,0.29729739837337893,0.7419346297429626,7,0.6736578541823582,68.65309635460932,2
2025-01-25 05:00:00,ST05,Urban,Passenger,68.66452758397216,22.374463497686794,41.10657458781561,0.44293112941342117,0.6363223128130913,5,0.433719627220154,55.40405601750585,2
2025-01-25 06:00:00,ST01,Suburban,Bus,68.68953541335065,36.04206618039369,31.436942281379995,0.1417891943263745,0.20132677273460936,1,0.32422388855922013,15.502778745303388,0
2025-01-25 07:00:00,ST01,Urban,Bus,86.0781986837099,32.10984994376492,66.11743459544476,0.27971832835850186,0.3771610458744483,1,0.7436376655597196,43.461197265269455,1
2025-01-25 08:00:00,ST03,Suburban,Bus,77.713984038837,9.826107507313074,44.78704298462186,0.2148436443710279,0.3712614787095091,3,0.2029714270243962,41.31857524507713,2
2025-01-25 09:00:00,ST05,Highway,Commercial,77.99579209656463,27.867596285478346,62.22688802211996,0.14185512277105025,0.5525057542343429,3,0.2019337246408881,52.73576912834927,1
2025-01-25 10:00:00,ST04,Suburban,Commercial,67.01694902989155,38.096527474996144,38.06756505187016,0.4054008338881465,0.3331667341263176,3,0.6964355365489567,42.21584201749013,1
2025-01-25 11:00:00,ST01,Highway,Bus,71.86656978025165,49.64336440661103,46.2233617774419,0.30431681219955353,0.1938174156431285,4,0.8667065301894732,58.76196312841141,1
2025-01-25 12:00:00,ST04,Highway,Bus,84.74305997228724,33.31160752866436,37.44838315265623,0.3227074879589963,0.6229461325257083,2,0.2412108394971294,28.465443264560566,0
2025-01-25 13:00:00,ST01,Suburban,Commercial,89.5564551467151,21.6631879898593,52.094195550345994,0.2645020751641316,0.780829550828018,2,0.19112497497642955,31.783960136621296,1
2025-01-25 14:00:00,ST01,Urban,Bus,81.79368412864277,15.176821991095329,40.529290497398705,0.2841348926410941,0.8452864763727391,4,0.6703058812907523,50.94113929764408,2
2025-01-25 15:00:00,ST01,Urban,Bus,95.44437933074099,44.277360536899415,70.07773716839525,0.14640695484920127,0.8780627341275807,1,0.6208025217731528,45.681900639970486,0
2025-01-25 16:00:00,ST05,Urban,Commercial,89.21944528883205,41.655434545107624,63.66412632070618,0.3691671297147906,0.7248934769672112,3,0.4472523465196122,47.115654171657575,1
2025-01-25 17:00:00,ST02,Urban,Bus,73.71182738857111,15.526526935072319,53.78545650322726,0.27297894384208554,0.21176194263352174,5,0.09586063984832793,61.393423555503496,2
2025-01-25 18:00:00,ST04,Urban,Bus,80.2843643586242,14.028444056595806,55.35155524516911,0.42670702925183335,0.7824894593893796,4,0.09178543098187342,52.328047275734484,2
2025-01-25 19:00:00,ST05,Highway,Bus,95.57849661527176,37.1811549565029,70.06604291425377,0.17851488005723046,0.4199680587059792,5,0.7773417890443545,71.06218090409702,1
2025-01-25 20:00:00,ST05,Urban,Commercial,77.1500826545835,19.172842786344177,37.05761493199814,0.1820220373675343,0.6839290510338909,3,0.4517691173956855,46.012881168327695,1
2025-01-25 21:00:00,ST05,Highway,Bus,89.48841687878985,18.787945926288103,51.976439521930274,0.35830382861227517,0.5250144039686687,1,0.8579670912415589,37.63245550665883,2
2025-01-25 22:00:00,ST05,Highway,Commercial,81.32863021539922,11.853061118044486,55.038235712081025,0.4384013693589588,0.762884906919027,6,0.5747336515388624,70.3336980495115,2
2025-01-25 23:00:00,ST05,Highway,Commercial,73.116181663628,16.878898386942346,47.88795493347479,0.2888791354472702,0.44040458627175094,6,0.6187381412176327,62.223913112858014,2
2025-01-26 00:00:00,ST03,Suburban,Passenger,54.51029172492119,24.23784009166923,37.42359342593709,0.39078154749324,0.14943504859201662,5,0.9341944419085537,50.105506922568026,2
2025-01-26 01:00:00,ST04,Suburban,Passenger,65.5598511681057,37.9777251772587,32.10487895628019,0.49973196859723423,0.5454589687059767,3,0.164615894039438,32.66363716601516,1
2025-01-26 02:00:00,ST05,Highway,Bus,98.06456949002293,20.13386424861874,43.087010742158206,0.4961062558915713,0.23703244373413856,4,0.5430242292969959,47.90667003644569,2
2025-01-26 03:00:00,ST04,Suburban,Commercial,79.465922996356,19.78719527659292,60.92832157287953,0.39773473712868,0.8724141058823381,2,0.058138599966034765,46.6091279012159,2
2025-01-26 04:00:00,ST03,Urban,Passenger,73.86372282033938,17.821096364859613,46.09604177850834,0.39583459587129954,0.5215704526603933,2,0.3589250478821191,29.88721487444267,2
2025-01-26 05:00:00,ST03,Urban,Bus,95.97739753169364,26.522765037996937,44.29648377552869,0.19904755487956227,0.5428470350698084,1,0.14809849980120515,19.88688354845386,0
2025-01-26 06:00:00,ST04,Highway,Passenger,75.19070686224693,13.12865140735919,53.93990572188908,0.4334158526175095,0.8258125702518542,3,0.18783596228457056,39.91050450211884,2
2025-01-26 07:00:00,ST01,Urban,Passenger,71.56495110504417,26.85338303144565,54.81674691378398,0.2620408508188482,0.5996681961209399,3,0.9347947200605281,51.417642488931946,1
2025-01-26 08:00:00,ST02,Highway,Commercial,85.5586513090123,36.68790002876104,40.026510907666825,0.4847975639467291,0.3421835017517657,4,0.6106825282048808,49.69224460814619,2
2025-01-26 09:00:00,ST01,Highway,Commercial,82.75993713919266,6.340572681467998,60.163576221622954,0.13257107548277422,0.3368756935306969,6,0.8921581331898143,66.71420119193078,2
2025-01-26 10:00:00,ST01,Urban,Passenger,51.58960050450597,5.440072113759284,39.89372343950116,0.2743361475490904,0.5012629199251649,4,0.4435201843907496,46.467786861643745,2
2025-01-26 11:00:00,ST01,Suburban,Passenger,68.27849647444727,8.380530956952915,52.93936627680623,0.32233619507339945,0.7932865831433271,4,0.5976433466633834,60.461806264170846,2
2025-01-26 12:00:00,ST05,Urban,Commercial,68.35092656917512,29.104702777765045,52.33374710095621,0.262062482834466,0.7357834725890229,5,0.03209451219292636,42.991473267654236,1
2025-01-26 13:00:00,ST03,Urban,Bus,62.69347091460069,43.450478743343155,38.78020030405019,0.18423167620197733,0.8701924688454759,2,0.4695022322743341,33.40492591168804,0
2025-01-26 14:00:00,ST01,Highway,Commercial,71.03760892913519,5.219800970911337,38.536803672139065,0.3371953955130039,0.15750889828176293,5,0.5640566733437882,62.006299754371994,2
2025-01-26 15:00:00,ST03,Highway,Passenger,64.78644386362865,47.14975870631064,26.10304928441102,0.40236716585005505,0.3146608551714709,1,0.016777714265544974,14.665705432421898,0
2025-01-26 16:00:00,ST04,Highway,Bus,51.96072936827099,9.782533020674112,22.050309241584454,0.3579354384080786,0.1641661662509808,2,0.7894891768236403,24.835614421780036,2
2025-01-26 17:00:00,ST02,Highway,Passenger,64.74198923648086,42.88925876262018,37.002352059619035,0.1937795395232158,0.7008633551219491,5,0.2954229842766055,49.06071465416358,0
2025-01-26 18:00:00,ST04,Suburban,Bus,44.3366168543906,26.728464424232605,24.816554882756517,0.39264317774740964,0.2126669513203069,2,0.45248707496077023,24.28433862473194,1
2025-01-26 19:00:00,ST04,Suburban,Passenger,74.5471517664647,34.67108242754798,35.32681904661913,0.20275912241782532,0.17990905439808538,4,0.5356302853048245,48.398636713124574,1
2025-01-26 20:00:00,ST05,Suburban,Bus,91.21927293646672,27.98073430012321,50.917869421763186,0.17008094516961603,0.5493377656796461,4,0.9921971531284334,67.75633077030793,2
2025-01-26 21:00:00,ST02,Highway,Bus,83.51722506127331,26.467170133070958,39.241405553950166,0.3762672061754889,0.4291877696953268,4,0.09918414687418287,40.986210148416895,1
2025-01-26 22:00:00,ST04,Highway,Passenger,61.62364240324668,42.57047427639762,45.57170041572354,0.4371148984455716,0.6720810710099736,4,0.555279562224498,62.02714817130944,2
2025-01-26 23:00:00,ST04,Highway,Bus,45.22427233463849,39.01488708055174,23.483967480191538,0.2926157790786298,0.4896123133602184,1,0.5305941458002693,19.783243527094278,0
2025-01-27 00:00:00,ST02,Suburban,Commercial,52.12896395351625,26.753100643535188,33.33260135471147,0.31255671725537515,0.4402676767523622,4,0.06890969560318216,36.51724380887983,1
2025-01-27 01:00:00,ST02,Highway,Passenger,72.72942042969015,10.023616822822772,43.720361958389795,0.221099028188493,0.4404003589975768,3,0.6339383601951246,38.40031219720093,2
2025-01-27 02:00:00,ST04,Urban,Commercial,52.42342500298197,10.193133169148366,22.05730448269181,0.29784720604401294,0.7975011043190837,4,0.2868544338938106,31.64658055110024,2
2025-01-27 03:00:00,ST02,Urban,Passenger,72.63838667709805,41.06927573235839,56.43228957347909,0.1527931992049629,0.41618052057797317,1,0.1037679661646207,33.06031081587681,0
2025-01-27 04:00:00,ST04,Highway,Bus,53.89594148583394,28.822577960639006,32.92451278377342,0.482332331873196,0.36671770221570676,2,0.1786419309184527,30.318609835866894,1
2025-01-27 05:00:00,ST04,Urban,Bus,90.93543216856438,26.671511309871317,48.19787578003768,0.4201442614626385,0.3708280616181835,1,0.8236032332153927,31.10461740197738,1
2025-01-27 06:00:00,ST05,Urban,Bus,63.83628837042758,35.62550786123218,29.57220066742025,0.3671892243288739,0.2572806374519122,2,0.10412476243739388,23.23963955745007,0
2025-01-27 07:00:00,ST01,Suburban,Passenger,54.733037556669466,43.64787125364171,29.304651427642522,0.31527774867376124,0.7885510804591916,4,0.46692738824032465,36.86064451812736,0
2025-01-27 08:00:00,ST04,Highway,Commercial,88.7395708148237,33.299291498598734,36.22390466553733,0.4168676544911858,0.21730465202206528,3,0.19527312117922124,39.53240799942196,1
2025-01-27 09:00:00,ST03,Highway,Commercial,60.570337888327046,39.328155605591554,33.03647127993214,0.2979028958343217,0.8268885902396843,5,0.16231986208501203,43.72465727234439,0
2025-01-27 10:00:00,ST01,Suburban,Passenger,46.68926127032692,39.43717358526306,28.60157863669957,0.21998956326181301,0.326774177528805,3,0.20571175941707254,31.942027609479464,0
2025-01-27 11:00:00,ST01,Urban,Passenger,74.2245694842185,21.031765195683157,55.57538649213068,0.16414969406666882,0.8195414577390775,4,0.4927829345196203,53.13180499615364,1
2025-01-27 12:00:00,ST01,Urban,Commercial,74.89385226627932,17.333743803844804,50.549588142783186,0.3590342355207229,0.7326565254516617,2,0.23778842111157128,28.929602240104842,1
2025-01-27 13:00:00,ST05,Highway,Commercial,82.88174051414404,41.05238302288214,36.85195073488853,0.47177029801060566,0.565590016760287,5,0.09673295035256035,52.42971080317132,2
2025-01-27 14:00:00,ST04,Urban,Commercial,54.41316599250314,21.973045630290958,24.981004507571257,0.16144742140174048,0.6355760031348793,2,0.8014008692471686,25.879818883203946,0
2025-01-27 15:00:00,ST05,Suburban,Commercial,66.62628034553471,45.65012029352173,38.060219148910484,0.1720072180203227,0.36067527265994215,2,0.5398214031716857,38.87870295377284,0
2025-01-27 16:00:00,ST04,Suburban,Passenger,56.942075142559375,8.136081352855383,27.234432256942632,0.27344241336381403,0.5593828914621299,2,0.15685365236857218,24.05989208659476,1
2025-01-27 17:00:00,ST05,Highway,Passenger,44.857224166941286,7.619788043390284,18.44259515318817,0.42275973916787557,0.3339223205813576,2,0.4714298486321701,20.87833972670089,2
2025-01-27 18:00:00,ST05,Suburban,Bus,92.5968296209535,46.71518720456337,66.85546212703152,0.21756909158860185,0.42181825111236937,5,0.06836249987290988,64.32987363881341,1
2025-01-27 19:00:00,ST03,Suburban,Commercial,83.73218826930048,34.18047113816457,34.146742333794265,0.20156516986801126,0.7117300441833958,3,0.5804298636187585,31.909268173189172,0
2025-01-27 20:00:00,ST05,Highway,Bus,58.08778356752804,22.081971040174952,42.53628062642625,0.3479865165851336,0.295146051048173,2,0.34030481959798153,29.125823146574696,1
2025-01-27 21:00:00,ST02,Suburban,Passenger,75.96237957231918,38.97771866672823,34.76354380404192,0.3142459127497328,0.7710768126700301,6,0.10352852963016412,49.20443810616491,1
2025-01-27 22:00:00,ST03,Suburban,Passenger,52.075827288068346,35.25470644971386,41.13320474826747,0.12408814577809452,0.4007062829319973,0,0.18364384986839744,23.339277780911598,0
2025-01-27 23:00:00,ST05,Suburban,Bus,93.41419730774626,28.90404710688183,59.92983762243143,0.13259599092371063,0.5257359686849448,1,0.3457027048507265,42.51944994690564,0
2025-01-28 00:00:00,ST01,Urban,Commercial,46.894380601714616,9.449300419819311,32.544380723642455,0.35720519207390644,0.8535683900502987,6,0.8064074542922428,57.91905897164923,2
2025-01-28 01:00:00,ST02,Highway,Commercial,40.230228730468056,41.548081428173816,17.8700041418381,0.28604943965911184,0.6450045041494998,7,0.17375569622982334,45.3257830376965,0
2025-01-28 02:00:00,ST02,Highway,Commercial,70.12049186435092,43.97104358062811,52.22866141321169,0.48839087663565883,0.6164832902757019,5,0.10966422149279831,52.73330547068537,1
2025-01-28 03:00:00,ST02,Highway,Commercial,74.98766940717215,12.747590984869209,55.166698953381335,0.37141256429202596,0.6692861820840232,5,0.5159390064656842,57.01640155393938,2
2025-01-28 04:00:00,ST03,Urban,Bus,74.73791921774827,43.273024338968,49.41649489499598,0.10402946479729258,0.8344890710084492,3,0.5586969639802648,52.38442805796164,0
2025-01-28 05:00:00,ST05,Urban,Bus,43.27071564626958,44.50312899574539,26.00180339537806,0.29240751192018477,0.2988109673772087,3,0.09024131766741716,23.993053322661403,0
2025-01-28 06:00:00,ST05,Highway,Passenger,58.84262841510595,29.72428755298322,40.518779094086,0.2657791740141918,0.5905929646394708,2,0.284484479207302,33.26246334838386,0
2025-01-28 07:00:00,ST01,Urban,Commercial,69.9519368104799,34.52805663002091,28.14665078204965,0.1426855439975075,0.4203150835069218,2,0.26276403791425407,30.54858887216071,0
2025-01-28 08:00:00,ST01,Highway,Commercial,52.99475113763445,22.200679400652113,33.756400613507196,0.46928353434887604,0.10948423456819514,1,0.18622160946111532,29.29026656278651,2
2025-01-28 09:00:00,ST02,Urban,Commercial,92.35755312915379,17.680624137916972,68.24876410314064,0.4220045196326895,0.20024071712488736,1,0.31563812720065376,38.94209964967493,2
2025-01-28 10:00:00,ST01,Suburban,Bus,45.22655736768604,37.48924161282402,24.54716423580631,0.19203436336800075,0.3599935162108707,2,0.03710851153829664,17.7920369787326,0
2025-01-28 11:00:00,ST03,Suburban,Commercial,69.24306650032257,43.78438170571137,30.69654144501853,0.2023923035371989,0.5519999769455326,4,0.6515497829534784,35.65655095972859,0
2025-01-28 12:00:00,ST05,Highway,Bus,81.48496345078912,34.43348988300864,46.31205230535317,0.11280722132778039,0.8051798213570173,5,0.988487145033841,56.32612237339064,1
2025-01-28 13:00:00,ST02,Urban,Commercial,55.70506600806895,28.021577479094713,38.483386935053474,0.2186869806316164,0.7328912945611517,2,0.6340467674692488,36.853063763110605,0
2025-01-28 14:00:00,ST01,Urban,Commercial,77.4544442198511,12.15161450798772,34.306159933291546,0.3338488035653414,0.5426669379382164,3,0.36107645054378623,33.40294219166432,2
2025-01-28 15:00:00,ST03,Suburban,Passenger,89.76310900854247,7.405642067216817,43.30346735199414,0.2683373553546673,0.15909633432597411,3,0.6679103011456768,46.82684585519805,2
2025-01-28 16:00:00,ST03,Suburban,Commercial,51.42021850570285,25.05613056110359,23.602946684221838,0.48770218548787236,0.32872503231598293,4,0.5715159210235763,37.188847048766924,2
2025-01-28 17:00:00,ST01,Urban,Commercial,95.03323550949176,7.2207303663839575,68.30790370153319,0.12243206770546836,0.3933669183137951,8,0.8467579305873446,85.66904521783486,2
2025-01-28 18:00:00,ST05,Urban,Passenger,73.21351195974148,30.62005843582513,31.127240690338454,0.33657206355960423,0.5973737481630741,4,0.6218745609820004,42.518257197422116,1
2025-01-28 19:00:00,ST01,Urban,Bus,57.95392025806363,22.222813609299706,39.09771986074653,0.44332377620281926,0.1519388983838729,4,0.6340763546212487,37.46333958817681,2
2025-01-28 20:00:00,ST02,Urban,Bus,65.85149652293624,39.07351038568863,35.99329326628838,0.29229636496388905,0.5241548436003787,2,0.2216641882729934,24.46405372969648,0
2025-01-28 21:00:00,ST01,Urban,Commercial,58.731513027183276,18.754182357628256,41.24811050181298,0.10118508822415873,0.8211716609157658,3,0.4156272385375932,45.56589337838518,1
2025-01-28 22:00:00,ST03,Urban,Bus,83.50666959599897,31.684221543534445,65.61564684490301,0.1971205999305101,0.6643461565579223,2,0.34441606025567717,41.56725544844554,0
2025-01-28 23:00:00,ST01,Highway,Commercial,87.77803980490793,29.19575847897952,39.13304066859012,0.22950759026718648,0.7376614452502052,0,0.01142518740375098,23.940482316083358,0
2025-01-29 00:00:00,ST05,Urban,Passenger,89.97624353911966,5.2120591485008525,47.30537142370458,0.486397797822985,0.6453405186872587,3,0.3132807293890614,42.416713630355254,2
2025-01-29 01:00:00,ST04,Suburban,Passenger,99.14609497514448,8.257522921893965,71.78674702941514,0.4647093127354798,0.2652712897380738,2,0.48606212432295026,45.83125295162908,2
2025-01-29 02:00:00,ST01,Highway,Commercial,87.477057549801,18.06656956187092,44.303924001504775,0.47966820204305216,0.18838705605281492,3,0.5998486332100811,46.898673449512685,2
2025-01-29 03:00:00,ST05,Urban,Passenger,76.0830442413138,44.70057864593443,36.98002965743423,0.4303033830467874,0.7635925384039272,1,0.9345689467104553,30.447332568585107,0
2025-01-29 04:00:00,ST05,Suburban,Passenger,60.35321790350703,11.615672970490035,44.066973941835634,0.24065909364556176,0.6564035488124227,3,0.23911375935981638,40.18243567708814,2
2025-01-29 05:00:00,ST03,Highway,Commercial,72.67572692264497,36.99024487072437,57.76506210372069,0.46235056883848025,0.5600492470530946,0,0.15242899110855834,29.357548711392468,1
2025-01-29 06:00:00,ST05,Suburban,Commercial,42.464090367424326,48.80149547685293,26.444607228532856,0.4926738023748195,0.25142629197459676,2,0.8694456889989581,18.395777269875545,0
2025-01-29 07:00:00,ST05,Urban,Passenger,84.68950453179478,40.57553987110198,43.2949261055324,0.24002852490998117,0.5826759722494027,3,0.9418474940884476,49.43470573588146,0
2025-01-29 08:00:00,ST05,Urban,Bus,66.75733270552611,15.932541275916977,37.345813283663546,0.20422238639457957,0.12505742817772783,3,0.4879542485810844,42.38835613663694,1
2025-01-29 09:00:00,ST05,Urban,Bus,41.20139378393126,45.87643671858867,19.28440015882099,0.3187665171128885,0.19507130751516755,0,0.11521656125005197,10.0,0
2025-01-29 10:00:00,ST02,Urban,Commercial,43.75041649062465,9.189822042877553,30.833320904401507,0.174860877039572,0.34951211984353964,5,0.48538829927697125,48.482344273456754,2
2025-01-29 11:00:00,ST02,Highway,Commercial,63.2479878293054,26.06638738418311,44.867465237937516,0.1130496885625521,0.45499062192893147,2,0.10944332710326876,29.169400961591748,0
2025-01-29 12:00:00,ST03,Highway,Bus,75.00529114110611,44.93938584768862,56.25759838337953,0.4783324684463479,0.19645159665760029,5,0.8831855787006627,57.70384861198989,2
2025-01-29 13:00:00,ST01,Suburban,Passenger,67.8522369371276,33.85695691655914,27.862912154166665,0.47029625297656774,0.19595214708602865,3,0.7081501046162499,37.211015746477194,1
2025-01-29 14:00:00,ST05,Urban,Bus,77.15225903752929,23.614005412746447,48.20415563237839,0.16506154150484842,0.6807149284669084,3,0.24113701771000395,38.03273074197793,1
2025-01-29 15:00:00,ST01,Suburban,Bus,68.81765552748135,18.176579003172595,33.424884881200605,0.2630960987718878,0.5557755252267885,3,0.8866906933167867,39.933457451419336,1
2025-01-29 16:00:00,ST01,Highway,Bus,79.7022307288808,21.879473239325748,42.74854699248373,0.4324145253090742,0.526993584622132,2,0.6379017290493193,33.05822628760981,2
2025-01-29 17:00:00,ST03,Urban,Bus,53.14756388024805,27.90238014541788,37.94641703473885,0.36440011952834117,0.46194759609404,5,0.9532633367208685,47.08294147988231,2
2025-01-29 18:00:00,ST05,Urban,Commercial,46.770591231017285,19.356976844276332,22.30084747528644,0.25791500366828557,0.8812344850756512,2,0.9804798490105471,31.99377404142657,1
2025-01-29 19:00:00,ST05,Highway,Commercial,75.7860372775396,48.60355379370348,49.665371593155186,0.39766839887312766,0.13984022631550141,2,0.003281789235718091,35.95072794286655,0
2025-01-29 20:00:00,ST04,Highway,Passenger,69.08137101617845,46.98849438797653,45.71988037069706,0.45881895528407635,0.24450174092926194,2,0.12021420902754576,34.158109371390815,0
2025-01-29 21:00:00,ST01,Highway,Passenger,41.61205924269612,44.18021606964443,32.52554870108261,0.4704633322103472,0.6180062059209899,3,0.5469223308068357,35.278907381785025,1
2025-01-29 22:00:00,ST01,Highway,Passenger,62.82891312958215,23.982342598519402,44.61257270782919,0.2515398447688756,0.20909252308099308,2,0.9558528744672915,38.34685553988355,1
2025-01-29 23:00:00,ST02,Highway,Passenger,46.36753512945973,36.1085796200853,33.452046418550864,0.16942427202912758,0.5715047504073391,2,0.9942336355096956,31.262441964918082,0
2025-01-30 00:00:00,ST04,Urban,Bus,71.88140990516172,45.627318816618406,44.037448500483166,0.4651355432775901,0.554208980384864,2,0.56740793530352,32.09081186952488,0
2025-01-30 01:00:00,ST02,Highway,Commercial,63.74666077962584,43.26932694555176,30.261325413580078,0.13702217834441133,0.8768041469117136,1,0.1738014889452303,18.84929839381165,0
2025-01-30 02:00:00,ST02,Urban,Commercial,76.78911466618108,23.644715630909346,43.78709950162141,0.3886753564912655,0.8067091896392179,3,0.16305002000870616,43.6304619174537,2
2025-01-30 03:00:00,ST02,Urban,Passenger,88.33613312621429,10.057372219501731,54.75036689736847,0.15619892594432067,0.8564426750139621,0,0.7638577581141384,36.16876907168365,1
2025-01-30 04:00:00,ST03,Highway,Passenger,57.98012103048945,8.403366372554725,38.92598054170583,0.2557547418670769,0.1908818955791837,1,0.5919376787062978,32.1836193399754,2
2025-01-30 05:00:00,ST03,Highway,Bus,97.72612624990165,30.96788203515662,62.846073454401676,0.26462229861801095,0.794518749803351,6,0.548773898932763,60.6322259175498,2
2025-01-30 06:00:00,ST02,Urban,Bus,72.13807003525446,33.91825708449193,40.22354810000963,0.16350316604483334,0.20327252938264478,1,0.46576492330051633,30.697998555497463,0
2025-01-30 07:00:00,ST04,Highway,Passenger,77.09744792528727,43.24291720686608,39.02096455031813,0.46907257360264476,0.6063457428351912,5,0.7251346265816816,53.44716524473878,1
2025-01-30 08:00:00,ST01,Highway,Commercial,80.84034239354422,18.163175915346397,37.776072543713845,0.1010672672037145,0.6760625285424018,2,0.8580541790063455,45.39789839397262,1
2025-01-30 09:00:00,ST04,Highway,Commercial,80.00389179145539,12.536172074751912,54.20568919791294,0.45752341728665225,0.2286827985194287,5,0.3029580811956363,55.03851419378228,2
2025-01-30 10:00:00,ST05,Suburban,Commercial,70.65824458270373,22.055262493018976,46.504392786251216,0.45353172939019426,0.6061275007436318,3,0.22091776717589062,38.49243026389683,2
2025-01-30 11:00:00,ST03,Urban,Passenger,65.72585746688101,20.910880563452377,44.36160087117486,0.22678546147920065,0.14196839432959527,0,0.6701991663149424,25.05081820520403,0
2025-01-30 12:00:00,ST01,Suburban,Commercial,43.22691785064267,10.961102930803463,23.732052580023304,0.3817137079517102,0.3346128685942642,1,0.9147324240549534,26.312072435536596,2
2025-01-30 13:00:00,ST01,Highway,Bus,41.32515071807079,35.25271936309184,20.867677414163044,0.20112356451932623,0.8369267951472933,3,0.3481574401440862,27.940913806290876,0
2025-01-30 14:00:00,ST05,Suburban,Bus,61.47767167196588,27.89113733282192,43.273428031520595,0.4035094249015754,0.23738493032149535,0,0.27244821917741535,29.973464074793277,1
2025-01-30 15:00:00,ST05,Highway,Passenger,60.01965343802156,37.45052402516448,42.581480788988344,0.32444789671509733,0.152215993960262,1,0.2261146302356195,33.06187285861097,0
2025-01-30 16:00:00,ST02,Suburban,Bus,63.261709290340406,20.87110040763806,36.83391195525988,0.22009018169906336,0.4549425597243676,0,0.25449090769663085,15.986479561601827,0
2025-01-30 17:00:00,ST03,Highway,Passenger,48.3020920532914,19.656599520996604,31.143335793403093,0.26009390145506184,0.7804945668218173,4,0.13493334296031445,36.81004119075345,1
2025-01-30 18:00:00,ST03,Suburban,Commercial,84.29009623221062,26.265913386973505,46.30964186997083,0.37595549289536145,0.16133790557463198,1,0.5967782276083535,46.360003194619225,2
2025-01-30 19:00:00,ST04,Suburban,Commercial,91.41786488657434,44.483330542781616,62.23535167385439,0.46243897985751325,0.38442829218432684,0,0.2808260686612557,26.59694596417658,0
2025-01-30 20:00:00,ST02,Suburban,Commercial,96.32287812244209,6.812658803029115,70.72879504825909,0.15229060662690985,0.819819867647461,2,0.6149443616579046,50.580020370971354,2
2025-01-30 21:00:00,ST02,Urban,Bus,69.54173821117755,41.21747677834124,46.96107064474962,0.32854558786766286,0.19452443995556346,4,0.0830323495125681,48.073354146793775,1
2025-01-30 22:00:00,ST02,Suburban,Passenger,82.05194194752572,21.60444256959904,49.64413675555888,0.201491679782847,0.34853480472955733,4,0.11545679211787907,44.7886470709453,1
2025-01-30 23:00:00,ST02,Urban,Commercial,91.33306740615234,43.4578561604815,53.28948229473492,0.42054889995018374,0.7227364892285632,4,0.5361419277969446,50.396064600750975,1
2025-01-31 00:00:00,ST03,Highway,Passenger,65.09746666560915,41.099135397613544,42.76433949346735,0.12809492234779243,0.5345687897110435,1,0.511530944476014,29.14946473514669,0
2025-01-31 01:00:00,ST03,Suburban,Commercial,58.56476769222667,20.694256132823977,39.35109385340163,0.3755823160684679,0.7658665125068665,3,0.27150992673788865,32.07126493150394,1
2025-01-31 02:00:00,ST02,Highway,Bus,96.20347335120941,36.22444408947272,59.98207459274339,0.1699784054764119,0.18927631443903872,2,0.8271308516205425,47.41709165544859,0
2025-01-31 03:00:00,ST04,Highway,Bus,70.94059306462438,12.183474054804806,46.10974747675945,0.33855416736129174,0.8364433371037782,1,0.18704716486754946,35.05546740430019,2
2025-01-31 04:00:00,ST01,Suburban,Passenger,69.83523319545267,45.33266984737046,30.63221054459995,0.4342770348770768,0.847929435612167,0,0.3606611241831861,12.563561248952624,0
2025-01-31 05:00:00,ST01,Urban,Bus,50.70496579380975,23.202097900335925,39.585681493413645,0.4020322648486718,0.22425041611736507,4,0.5555117060724022,46.68144620685042,2
2025-01-31 06:00:00,ST04,Suburban,Bus,46.48930087440141,25.50315269098401,33.30071510304486,0.40117715507345497,0.12710037152540005,2,0.8672111025153646,40.71745136018776,2
2025-01-31 07:00:00,ST02,Highway,Passenger,90.52641174901069,36.75915729666432,49.750704018606974,0.3071381248747621,0.8918731055644551,2,0.41855097516677664,38.95759479561576,0
2025-01-31 08:00:00,ST03,Highway,Commercial,76.84799057125107,41.937810651718294,48.039603516478735,0.45629823673988856,0.4858012738419396,1,0.39860095544090435,30.899661926546475,0
2025-01-31 09:00:00,ST01,Suburban,Bus,59.54947504116692,15.635423449769432,24.94705038694428,0.33524207929679917,0.5576603232283451,3,0.5795374280317946,36.6405750791744,2
2025-01-31 10:00:00,ST05,Urban,Passenger,51.50417304341599,34.7607562944648,21.451031003930147,0.4670071874198283,0.592723786933261,4,0.31669541546289626,29.39107375043999,1
2025-01-31 11:00:00,ST05,Urban,Bus,73.32983681017788,22.63991197501168,36.688335118480964,0.31860898313296704,0.7317347702244023,6,0.7091732531595895,57.54539778540689,2
2025-01-31 12:00:00,ST04,Highway,Bus,75.03515735566812,21.59163158017826,50.71481144758415,0.3023862252080012,0.7495903752367343,2,0.24869594066700473,37.01167930477273,1
2025-01-31 13:00:00,ST02,Highway,Bus,52.41961607470349,36.051162077329465,38.83554954132134,0.1889412076841258,0.2551401794558191,2,0.8231959969402122,37.962946756091505,0
2025-01-31 14:00:00,ST01,Urban,Bus,91.08434487348843,22.423247337017045,56.80696976558323,0.31791466161208204,0.2893093925068213,3,0.2723534131334612,54.50968262546193,2
2025-01-31 15:00:00,ST02,Suburban,Passenger,45.055861969351064,20.574882507398343,27.61262449333847,0.1562339324995588,0.8014664231570977,2,0.9927011622905122,39.514259090725545,1
2025-01-31 16:00:00,ST01,Highway,Passenger,61.365585109985304,42.61497836568091,34.421418018569604,0.4478760805038182,0.7556140838004691,1,0.31646247432764263,32.78300873820319,0
2025-01-31 17:00:00,ST04,Urban,Passenger,80.82306482575133,9.557425572395287,37.55356275834216,0.37035675548331737,0.5940955052431643,1,0.8788261386551978,28.475259052973698,2
2025-01-31 18:00:00,ST04,Highway,Bus,56.44722182915204,35.415168027359485,25.251192816449546,0.49745417939717684,0.8957593272998798,2,0.3973559541060573,21.490435053682706,1
2025-01-31 19:00:00,ST05,Suburban,Bus,89.6605116868763,16.192642720578107,63.14537932311961,0.13683897111620924,0.6881471548410589,3,0.2460548420309303,51.36695258609749,1
2025-01-31 20:00:00,ST02,Urban,Bus,84.39206959602421,5.697420882178564,65.06640553904178,0.19626909993811475,0.2726694145041991,6,0.22616325046035524,66.41495151618251,2
2025-01-31 21:00:00,ST05,Highway,Passenger,87.34137067288805,12.50439209927114,50.94738197937796,0.45086344170645576,0.7773152514661427,1,0.8501912818498782,29.093304717443623,2
2025-01-31 22:00:00,ST02,Suburban,Bus,47.14639215260298,32.29976883991405,31.294750312696817,0.25810163990756707,0.43178610909611204,1,0.30875298631287673,25.423066349431018,0
2025-01-31 23:00:00,ST05,Highway,Commercial,48.432827679732576,36.91072361686719,37.089039002104904,0.28652119599275905,0.12892212843303136,2,0.338563008959747,42.16671190559923,1
2025-02-01 00:00:00,ST03,Suburban,Bus,57.18842426467502,5.947600260034402,24.93675237477763,0.4442607549550468,0.3571370222493365,3,0.19699305583894056,38.923573462127216,2
2025-02-01 01:00:00,ST03,Suburban,Commercial,71.08462991185367,6.639144948577407,50.341607544306854,0.30872928997998095,0.7108409872475082,1,0.9613247181162168,36.28556192174128,2
2025-02-01 02:00:00,ST03,Urban,Bus,84.88096460196414,45.61439516793289,54.89479069221646,0.17739033976574725,0.8681649657491786,3,0.2447439405988301,48.44998335654986,0
2025-02-01 03:00:00,ST03,Suburban,Passenger,90.1918534456542,8.298761815117393,57.67362005831878,0.45681204616391236,0.3209091330425551,7,0.24744361898161205,61.86609766436282,2
2025-02-01 04:00:00,ST01,Highway,Bus,82.26011895743082,45.23819713774571,42.529811761673024,0.11242466256921341,0.29721305952777205,0,0.9438978902546958,30.22438939759146,0
2025-02-01 05:00:00,ST03,Suburban,Commercial,95.71581289183831,15.267466118790761,64.47008851028401,0.4581585070573774,0.5508932684786401,1,0.9008988549951829,42.14287043512283,2
2025-02-01 06:00:00,ST04,Suburban,Commercial,84.32461057695582,38.300801007119574,60.53824869586265,0.12020809066893388,0.7493471197299575,4,0.24891088317991017,46.913154436940914,0
2025-02-01 07:00:00,ST04,Urban,Bus,58.37607322027688,18.937996202570545,25.985715888214493,0.36633974584005125,0.6972205457287572,3,0.8647255695179893,41.056570992928386,2
2025-02-01 08:00:00,ST01,Suburban,Commercial,55.904877060314355,43.64384115241327,34.2925308273397,0.12867175187013388,0.5479671220502532,4,0.24982321308611688,41.07696727858605,0
2025-02-01 09:00:00,ST03,Suburban,Commercial,81.77154701806539,36.52046894409611,36.0208630105881,0.38248519438602624,0.6051117452915828,1,0.08446416485287445,26.075630106945717,0
2025-02-01 10:00:00,ST03,Highway,Passenger,51.57223412137686,23.081605637076283,38.62913029313032,0.11358852853318036,0.29367916586107523,3,0.8203613483958251,45.683350082051334,1
2025-02-01 11:00:00,ST03,Urban,Bus,45.562888648616195,8.433610437833579,27.47691364678233,0.436983091084315,0.4460594120026805,4,0.7715581578152862,42.4402948719461,2
2025-02-01 12:00:00,ST05,Urban,Bus,71.93337249137164,37.97150827418632,52.02122775088542,0.2863775803719939,0.30429250121623996,4,0.29466712169147147,43.76915816601094,1
2025-02-01 13:00:00,ST02,Urban,Bus,89.29849418673732,32.75981401843317,48.8671949448381,0.13738156506755117,0.8075343798757102,3,0.09013898512260932,41.38694345571557,0
2025-02-01 14:00:00,ST05,Suburban,Commercial,46.08279054819181,5.1310273025204935,20.738697710683105,0.38272777800405755,0.19004360589241262,3,0.20643888447714775,26.34439400931243,2
2025-02-01 15:00:00,ST02,Urban,Bus,87.51347942774376,5.42389351876004,36.45809117934736,0.295716063001505,0.6437924462850966,3,0.7710565709064654,39.982595892025266,2
2025-02-01 16:00:00,ST03,Suburban,Bus,88.69432026109288,41.395683793671225,45.465049888982705,0.17637954355017715,0.3082265577320188,2,0.9647478149424267,37.661779648062186,0
2025-02-01 17:00:00,ST03,Suburban,Passenger,68.9364400048926,16.672988246083424,34.30921673488553,0.10626894955549032,0.48046192777477315,2,0.25900207179449153,22.213603159339947,0
2025-02-01 18:00:00,ST05,Highway,Passenger,43.43861860062921,33.626015047762955,27.111813712876813,0.26719930389021485,0.3395302241973062,4,0.8182588010354491,38.90231800212854,0
2025-02-01 19:00:00,ST05,Highway,Passenger,50.47539107483118,25.439648889436135,20.629066971043695,0.13425169229141423,0.3585962536475774,3,0.2279326573371544,30.320657641102375,0
2025-02-01 20:00:00,ST02,Highway,Commercial,82.44557650971595,43.85435065347953,50.14572605937517,0.1376678792988949,0.3083144108888176,2,0.6796003918250836,41.521850476476224,0
2025-02-01 21:00:00,ST04,Highway,Bus,82.70667669945698,46.26325008961199,46.04352620241072,0.20693181934507077,0.702234336956351,2,0.08361346903152633,42.77375471257242,0
2025-02-01 22:00:00,ST02,Highway,Passenger,93.90131651005993,49.85634707054843,59.23754297692008,0.35218331889696974,0.39257268574323767,4,0.58529564038226,55.14410824162234,1
2025-02-01 23:00:00,ST05,Suburban,Passenger,74.96116879327496,11.915786111326106,51.046083073723764,0.3119642434243797,0.6810856141712661,1,0.26918989119471814,34.18950231214698,2
2025-02-02 00:00:00,ST05,Suburban,Passenger,47.44644206282664,43.833382091396395,31.01273951902491,0.12759492330347225,0.4648559440832102,6,0.925845948733657,54.84793261887932,0
2025-02-02 01:00:00,ST01,Urban,Bus,47.28489433029833,16.97096195279608,37.53747971561648,0.4873725103569879,0.5377968336802298,3,0.2897508887789536,31.353013443117444,2
2025-02-02 02:00:00,ST05,Suburban,Bus,83.26794144140942,31.586714370297845,37.91240479949003,0.45486747531783644,0.5346299805707899,2,0.3984406948623066,32.83330472633303,1
2025-02-02 03:00:00,ST01,Suburban,Bus,51.02707990647407,27.75977752411449,29.18212183996122,0.2036901948580633,0.880681663474871,3,0.8406791111545809,32.656137048744476,0
2025-02-02 04:00:00,ST04,Highway,Commercial,59.70312997699632,5.809465920757445,34.026741866014014,0.14893543038485652,0.393649964568761,5,0.4382745825467943,46.053675702890075,2
2025-02-02 05:00:00,ST02,Suburban,Commercial,69.23272041531483,46.97470759577426,39.242579306236195,0.47696114590279615,0.2661472763180781,3,0.23841225179491843,28.205735287139998,0
2025-02-02 06:00:00,ST02,Highway,Passenger,41.48589265456907,8.52471748171483,27.60966459645071,0.28445671115228,0.8294335522932818,2,0.5475443208942972,28.93296075564214,2
2025-02-02 07:00:00,ST01,Urban,Bus,54.92914162119591,35.969851373348114,32.73399061160102,0.22446678590857433,0.2398714314524586,0,0.8399911956499819,25.507146608350883,0
2025-02-02 08:00:00,ST02,Urban,Passenger,64.47337651043681,40.32530762937179,39.13360030320684,0.29614321406607497,0.7675382766754758,4,0.43317761200465243,44.99917224914709,0
2025-02-02 09:00:00,ST05,Suburban,Bus,56.77817910959237,40.78795320714579,32.530626028322764,0.4090976578185649,0.22017191637354064,4,0.13288848920486762,30.42149556130796,0
2025-02-02 10:00:00,ST03,Urban,Bus,48.18221964805395,11.097253351798015,38.38580036148282,0.1673541193212218,0.626979467381925,3,0.3830869131145168,40.42736195902154,1
2025-02-02 11:00:00,ST01,Suburban,Bus,83.68073546777184,25.140647772858745,64.5199005313711,0.40699833340372293,0.22043265061162887,6,0.9544751330941914,75.09979218862594,2
2025-02-02 12:00:00,ST02,Urban,Commercial,88.78885931007909,42.32429916952909,46.44453562634414,0.39977871517354624,0.8384686553915436,3,0.0720216203657722,34.15164906182697,0
2025-02-02 13:00:00,ST01,Highway,Commercial,55.44873856862349,18.620564467043963,24.654592371542826,0.3157392819363519,0.552006626122265,1,0.4084451724480198,26.338568786544712,1
2025-02-02 14:00:00,ST01,Highway,Bus,86.4651696763782,26.04869039185986,63.63022761144517,0.4463369154998327,0.3634190713120701,1,0.6480287939401654,44.238871186178685,2
2025-02-02 15:00:00,ST03,Highway,Passenger,63.133213864078826,17.275725171493058,50.435110642494536,0.15285735126794422,0.21225821997087593,4,0.07851772621182285,45.70164665393436,1
2025-02-02 16:00:00,ST05,Highway,Bus,70.40114745124016,25.859813804839586,36.40045973842783,0.33819160266626924,0.3969537889167952,3,0.3449525470030681,39.48906646936476,1
2025-02-02 17:00:00,ST01,Suburban,Bus,91.36006449358916,44.952706516679605,49.618927357330776,0.2797372210007286,0.6640160278950493,1,0.9405783539402631,47.322535182338136,0
2025-02-02 18:00:00,ST02,Urban,Passenger,84.99722090814447,25.480590396474625,66.01336977971246,0.26891684513433267,0.4079607071428377,1,0.03063569220614326,37.609097367646775,1
2025-02-02 19:00:00,ST04,Suburban,Bus,88.30701107897066,30.016040768344418,60.44189332154104,0.2010244285078102,0.29687530887635527,1,0.7517418795059431,40.26837617004783,0
2025-02-02 20:00:00,ST01,Highway,Passenger,48.21070999518141,23.17893274863876,24.985457548827473,0.24891186272396323,0.5619275586350538,2,0.8413749661359962,41.30968149810509,1
2025-02-02 21:00:00,ST01,Suburban,Commercial,44.183165550023766,25.705273244149648,27.94225554667257,0.1432603024094663,0.43425748226969574,3,0.2770607254177502,30.877176085023716,0
2025-02-02 22:00:00,ST03,Urban,Commercial,93.60428374527922,5.682838957088976,72.79528688511067,0.2006395879059301,0.23264498882423387,1,0.21471436951981226,45.37805315141391,2
2025-02-02 23:00:00,ST05,Suburban,Passenger,63.27005617426566,17.768547948220522,45.85340682149209,0.20878604311123306,0.22319039222196546,2,0.9148208935862071,41.208205720371616,1
2025-02-03 00:00:00,ST04,Urban,Commercial,57.27278068418085,24.6461774783821,39.90384120076524,0.38826714698405584,0.6659695921774837,2,0.7640016954807244,29.556650124481344,1
2025-02-03 01:00:00,ST02,Suburban,Commercial,83.48177525570947,33.5208639196728,58.00301428623663,0.11942017088354527,0.8797375164130051,4,0.1133807096070023,48.597695307077274,0
2025-02-03 02:00:00,ST04,Urban,Passenger,90.1849357947914,25.252336874925145,42.4958749245031,0.3604769232603443,0.28647525668964513,2,0.2121972555164029,38.92579152928442,1
2025-02-03 03:00:00,ST02,Urban,Commercial,91.74937731389805,20.201766949470382,66.96534699820602,0.18856396391727595,0.718518880665192,3,0.6213551549925544,50.647146856005094,1
2025-02-03 04:00:00,ST05,Highway,Bus,58.959828467513645,22.464443090487073,30.095894269225756,0.13274460236651758,0.17008536196037216,3,0.4194169288968924,40.83359700081939,1
2025-02-03 05:00:00,ST02,Urban,Bus,91.13274347210044,15.903199814020994,70.3678437766544,0.22032246443417366,0.40526073524174533,2,0.5041743704378998,54.043882746013786,2
2025-02-03 06:00:00,ST03,Highway,Passenger,42.456036662460725,46.60224272483238,23.174882195816497,0.18978914777144112,0.5053505222466056,3,0.9515424351022675,31.081497150969053,0
2025-02-03 07:00:00,ST03,Highway,Commercial,42.97968948758313,28.478445160591157,31.936666815302633,0.32081295033594004,0.31499755623181463,2,0.4202354631919739,24.148627076877517,0
2025-02-03 08:00:00,ST03,Highway,Bus,77.41115171044927,5.60342542424554,39.20823725798795,0.24295056137918497,0.5236627332114003,2,0.881681995814269,32.25996468381051,2
2025-02-03 09:00:00,ST03,Suburban,Bus,43.78638214693277,5.875081628879598,26.52626208680536,0.48639749696333046,0.8060915421310836,1,0.6607447186605733,22.82723680040708,2
2025-02-03 10:00:00,ST04,Suburban,Commercial,59.47655011060969,48.78327357284187,26.333487497540855,0.4854198397563403,0.8555503698839948,5,0.12161945871355617,33.934944084167846,0
2025-02-03 11:00:00,ST05,Suburban,Commercial,80.36535917481544,14.965290111796026,53.36642076487525,0.2774861076480958,0.18044556349843957,8,0.7445070366477197,80.22735264439957,2
2025-02-03 12:00:00,ST02,Suburban,Bus,60.23601376325358,41.25237299664416,44.23923859574973,0.4180349842641039,0.31747674718736185,4,0.5202090739563148,41.40392496465275,1
2025-02-03 13:00:00,ST02,Urban,Bus,50.775986886405754,7.622388570225851,34.902342648156434,0.10530741634435002,0.8833071340141799,1,0.22509725039198858,20.243598747225114,0
2025-02-03 14:00:00,ST03,Urban,Passenger,56.8810373112305,46.45232315125471,34.65780972364531,0.31912463388992107,0.316334728321795,5,0.2895493230822981,52.818642113017575,1
2025-02-03 15:00:00,ST03,Suburban,Passenger,67.4545199350259,44.34876516500053,28.199115947013706,0.3973196689227917,0.6541658809147528,4,0.5573324247507513,38.35571799435632,0
2025-02-03 16:00:00,ST01,Urban,Bus,68.52315132132894,30.699192309553162,52.99418828209255,0.18677729016293437,0.3027629550962917,1,0.601702490145793,39.62146114932817,0
2025-02-03 17:00:00,ST05,Urban,Passenger,86.98001388083212,5.40493957774651,59.337401843593504,0.1244687020663775,0.3850924746568306,5,0.96817640402948,66.67303987151517,2
2025-02-03 18:00:00,ST04,Highway,Bus,85.00919376589076,16.60148933105019,59.36580453125515,0.16236757436258237,0.25302319031751797,1,0.8547201364105933,35.957934346904196,1
2025-02-03 19:00:00,ST02,Highway,Bus,67.4090682733681,23.30701913293092,48.39109817739823,0.2767392348695428,0.7850401549577162,3,0.2058392869952762,45.267834195181976,1
2025-02-03 20:00:00,ST01,Highway,Passenger,90.74004094592628,25.70288525364028,63.436124012657956,0.30254856830250476,0.8061190110556032,3,0.7739920705671455,57.52438782288207,2
2025-02-03 21:00:00,ST01,Highway,Passenger,46.85422831548375,18.395544135306743,27.008954312718995,0.25235404884350743,0.33753000633234526,5,0.008291808151645541,41.849943904862975,1
2025-02-03 22:00:00,ST02,Urban,Commercial,55.32120101373409,6.482654071048849,38.36241667993436,0.275989506816952,0.758871859336504,2,0.129808461165144,27.085912018213772,2
2025-02-03 23:00:00,ST04,Suburban,Commercial,89.6785878101351,31.555733266694396,58.29204299378815,0.28809398384371254,0.38659332002958724,1,0.1997004160662832,37.57778081947892,1
2025-02-04 00:00:00,ST01,Urban,Commercial,62.67964231756919,28.586960046264018,46.48363225811622,0.40777466464043854,0.17921553831612666,1,0.5971993526591379,33.349113994622876,1
2025-02-04 01:00:00,ST01,Urban,Bus,98.87089352763053,17.735028594308496,71.2843249960215,0.14209675923106097,0.7064611178336587,0,0.1946850063001867,38.054700874735246,1
2025-02-04 02:00:00,ST05,Urban,Passenger,67.97519689167012,6.708918540632293,28.315051474461356,0.4075801868637584,0.5771569991190758,5,0.36527294203530714,38.924159772243975,2
2025-02-04 03:00:00,ST04,Highway,Bus,87.51613737782584,49.756738424987304,48.269948810423536,0.37545092091799925,0.3195059549366003,5,0.24277978214207951,50.61154975964071,1
2025-02-04 04:00:00,ST01,Highway,Passenger,64.13842248294232,26.689378407188265,26.546024687478027,0.3966643237905273,0.3023997924094777,2,0.33741662437996334,31.531687249660855,1
2025-02-04 05:00:00,ST04,Highway,Bus,65.49721114374583,39.02019087983347,28.873133617453167,0.3937873543501291,0.8804986963858571,3,0.942451444734066,29.23122234177049,0
2025-02-04 06:00:00,ST02,Suburban,Commercial,62.972988837051005,25.3541315773101,40.338247808106885,0.2882367263207135,0.7900008327144731,3,0.9973763525954301,43.31310850391126,1
2025-02-04 07:00:00,ST03,Urban,Commercial,83.14453723064871,6.942663088832365,62.31921926929078,0.18456007382436002,0.7478386634990118,1,0.6857221062641092,46.21062552631321,2
2025-02-04 08:00:00,ST01,Suburban,Commercial,72.85107304359967,18.932033528847505,32.632174117104086,0.3146515617207216,0.2024141669133325,2,0.5723078714556808,26.599873665448506,1
2025-02-04 09:00:00,ST05,Highway,Bus,96.62668668210215,19.404956345265553,56.08557997112496,0.48319282144363984,0.7041498193986084,3,0.7084478458162832,52.12903433995538,2
2025-02-04 10:00:00,ST02,Suburban,Passenger,55.05341899204629,42.72588068220572,42.08016679574868,0.33541027255734546,0.2716321769626292,7,0.7716522004189084,66.10178273042328,1
2025-02-04 11:00:00,ST04,Urban,Passenger,46.03376392500666,34.44034900999435,33.4076412684981,0.10441885808511105,0.8819111545665926,4,0.7390127436095144,43.32817894145079,0
2025-02-04 12:00:00,ST02,Urban,Commercial,63.595689105952914,17.394345663776278,38.65773083517789,0.12388436195055626,0.14167135036980616,2,0.08189252820000481,31.65402963330216,0
2025-02-04 13:00:00,ST01,Highway,Commercial,77.00276245880656,48.54829795965887,54.566357888577606,0.49714537344142096,0.3817107868481949,2,0.310293419286774,48.52933256052225,1
2025-02-04 14:00:00,ST04,Highway,Commercial,91.6479362149297,19.46938245790421,55.82069675140173,0.12877854369577615,0.44291827262297223,1,0.34343138178974975,32.98285516353742,0
2025-02-04 15:00:00,ST03,Suburban,Commercial,60.771813200819665,49.92053116229241,28.151748476261574,0.11841806401795943,0.7593623292498036,2,0.36925447415014123,20.829236211020994,0
2025-02-04 16:00:00,ST02,Highway,Passenger,79.2272050674677,49.82736619266184,35.643879475600215,0.24120970774346218,0.7129782544032369,4,0.344313778651542,39.14267786102647,0
2025-02-04 17:00:00,ST01,Highway,Bus,61.01192086139314,13.60447329860338,29.001851411627896,0.48772688130773467,0.39999371595727173,1,0.7870922974503276,22.39935161268822,2
2025-02-04 18:00:00,ST05,Urban,Bus,77.03317497966748,19.073350228478006,41.626327250156066,0.2274700614931463,0.5524482347664327,7,0.7476046678843783,65.21433217315077,2
2025-02-04 19:00:00,ST04,Highway,Bus,93.08847682183905,26.87198893180944,71.88401159510192,0.26395365235010826,0.7684761308861843,1,0.004600302892651786,38.710466095282456,1
2025-02-04 20:00:00,ST02,Highway,Bus,53.88145853556454,34.884530201655096,38.78771912905084,0.3536308244834262,0.11455967372084218,4,0.296381523494719,45.42323456087114,1
2025-02-04 21:00:00,ST02,Urban,Commercial,64.25449852642235,28.762135205170967,36.825578321788825,0.10964473573055913,0.7417424796195777,2,0.6236636477853256,36.10534788110588,0
2025-02-04 22:00:00,ST03,Urban,Commercial,99.59591178578479,48.62486611095156,59.48173451096521,0.4591054310076752,0.8575168202736337,1,0.12026562198879953,32.51748566691189,0
2025-02-04 23:00:00,ST03,Suburban,Commercial,92.11342169496766,37.57951239060612,46.63184707006632,0.30777720702177286,0.12565161718733694,7,0.07119829448553239,54.4149309117865,1
2025-02-05 00:00:00,ST05,Highway,Bus,73.87839147377213,14.542018222233848,50.36594197109157,0.2867243624016232,0.13646478966254608,5,0.8283981194984816,51.50167411955657,2
2025-02-05 01:00:00,ST05,Urban,Commercial,70.99765551125651,9.729389759613724,51.19685444399233,0.44429066488265223,0.37561120445281604,4,0.4526842721720691,55.382268164991764,2
2025-02-05 02:00:00,ST01,Suburban,Commercial,57.07602293828086,35.97805808192105,28.284701131306587,0.48123063574320846,0.17021565101413963,4,0.8556873679208534,45.32148662486873,2
2025-02-05 03:00:00,ST01,Suburban,Passenger,71.03256566161176,12.130359808134335,29.601305159719633,0.2693700926587339,0.48342086423511066,3,0.8235527271765656,35.98215950653774,2
2025-02-05 04:00:00,ST05,Highway,Passenger,90.89088989679684,40.44545781510894,59.03868445506053,0.1689764317172923,0.682968548071823,5,0.8933705221405857,66.48432915177537,1
2025-02-05 05:00:00,ST05,Highway,Commercial,81.11047079666683,18.996650026715166,50.694437443425244,0.42628370800082915,0.5535193880254542,2,0.04827456356064708,30.30814046053021,2
2025-02-05 06:00:00,ST04,Suburban,Passenger,57.4026416906792,19.710196837502295,32.194412918184305,0.26130416848899485,0.2571455272581923,3,0.18613006610838456,28.584219372956753,1
2025-02-05 07:00:00,ST03,Urban,Passenger,52.08783526321198,5.4859276575280385,34.25075073171006,0.47421821580470647,0.6238490400242862,5,0.2961431644014205,40.213020612339605,2
2025-02-05 08:00:00,ST01,Suburban,Commercial,55.91251221980975,36.545507019276826,34.67947398871753,0.47995959353239315,0.6478835833431327,5,0.13623038783786012,45.08506022611697,1
2025-02-05 09:00:00,ST03,Highway,Commercial,50.18555208356959,10.09713888791086,25.10445073876818,0.14593161268854782,0.8459567645480117,3,0.4854698207857142,29.383717000663605,1
2025-02-05 10:00:00,ST03,Urban,Commercial,45.738441761422955,39.77962598585832,25.5719781399093,0.4826215869331405,0.21743751790163923,2,0.7989768900390586,23.505404217309856,0
2025-02-05 11:00:00,ST05,Urban,Commercial,65.1481704665233,27.134051986274304,37.21559451497937,0.2473081301780484,0.6538689319277787,0,0.9511818108497045,28.576245700125888,0
2025-02-05 12:00:00,ST04,Suburban,Bus,46.79797626389606,40.29259167295561,35.19672040628224,0.35850100706287624,0.829141775082518,3,0.889574134476466,44.35923097679871,1
2025-02-05 13:00:00,ST02,Highway,Bus,50.31475346362626,31.276694263898356,39.46496363231967,0.11390003269361842,0.5012513226565074,2,0.4573366800158083,33.62612728066542,0
2025-02-05 14:00:00,ST04,Suburban,Commercial,72.83948106036917,8.709497240854585,55.15409475341308,0.45555370963353303,0.3894397438904451,0,0.6364911013709522,39.640703260992126,2
2025-02-05 15:00:00,ST04,Suburban,Passenger,49.87595642197448,39.45435515173324,34.29825928369309,0.35663893173794603,0.23659959537692662,1,0.23069612344865287,28.470053998962335,0
2025-02-05 16:00:00,ST03,Suburban,Commercial,43.83278604585417,8.140976820263738,27.78985895055101,0.35742178678256764,0.7934295091918061,1,0.40300899993191985,28.518412040566247,2
2025-02-05 17:00:00,ST04,Urban,Commercial,59.04333100167311,26.541577425619952,39.89585355649762,0.4608704639909935,0.41539709987247553,2,0.8711825954200031,42.57864053715804,2
2025-02-05 18:00:00,ST01,Urban,Passenger,53.21914591731805,12.755714636523347,41.27909462711595,0.30333886996293724,0.8399059546141538,3,0.02919752201948078,37.11084833880903,2
2025-02-05 19:00:00,ST03,Highway,Bus,70.9183112796626,38.85508300900482,35.4591197615153,0.26420665614502026,0.778206638504621,1,0.5327592726434743,21.837879091679937,0
2025-02-05 20:00:00,ST01,Highway,Commercial,46.14202507499256,46.021605251275695,28.333427583280628,0.44645150091692654,0.40131188143775665,2,0.8727982978990213,31.16404199702195,0
2025-02-05 21:00:00,ST02,Suburban,Commercial,85.10624726097868,29.93567735112234,57.518479135672436,0.3969682047485593,0.55913144715701,5,0.12200987385076045,52.41726186904538,2
2025-02-05 22:00:00,ST03,Suburban,Bus,94.37401116610832,28.721628243463122,63.390910101452405,0.47959026598596044,0.12173922903513718,6,0.982546201951122,67.07842473337024,2
2025-02-05 23:00:00,ST02,Suburban,Bus,84.60611043737165,39.37834383465281,42.380180780941885,0.47604875732421303,0.31057712229370776,5,0.012391463981169193,43.43995463782336,1
2025-02-06 00:00:00,ST03,Highway,Passenger,71.96962224408365,5.2285465839077245,45.67858745160733,0.2529304658240961,0.6682182788553997,6,0.8861200114631643,54.378252465589206,2
2025-02-06 01:00:00,ST05,Urban,Bus,91.6400693073331,46.29913891858223,65.83104193653342,0.27879451605656713,0.6423287566770134,1,0.3536725743949669,45.871962316860014,0
2025-02-06 02:00:00,ST04,Urban,Bus,81.69510278689046,13.885196769100927,48.20269155759449,0.20239398151631138,0.38269556763340085,1,0.1326905816777627,25.13368750551848,1
2025-02-06 03:00:00,ST05,Suburban,Bus,40.63306734701139,49.28534977218067,29.14688060950628,0.3642591556554271,0.7468864255275652,7,0.1573581752545351,55.21340675503705,1
2025-02-06 04:00:00,ST02,Suburban,Passenger,63.64540916647019,38.1314276582208,34.620113740980415,0.24581678803555462,0.2886688415198969,2,0.7011787183542708,40.95555282569129,0
2025-02-06 05:00:00,ST04,Suburban,Bus,91.057113964408,39.8413016465302,70.61516073952022,0.41444025864306844,0.4690164265218173,2,0.8707196766559441,50.18401132417958,1
2025-02-06 06:00:00,ST03,Suburban,Bus,60.751531478516156,34.5291341168123,37.275400775508935,0.14862030429236422,0.47802450824872067,3,0.6410663538067879,37.27584359658512,0
2025-02-06 07:00:00,ST04,Highway,Passenger,42.11291041153141,26.22484322533221,26.884005229278603,0.14656114046629837,0.3726534150960137,4,0.9287249713607529,45.22197248654747,1
2025-02-06 08:00:00,ST01,Urban,Bus,84.77077831313633,30.723246201252447,34.97172916392891,0.18178215256775876,0.8637328809001338,4,0.842478795056899,43.72820990596082,0
2025-02-06 09:00:00,ST04,Suburban,Bus,88.12229621697212,7.088129870680655,41.25072142225054,0.1337168753749654,0.657347226812081,2,0.009031806940650422,26.716674993354207,1
2025-02-06 10:00:00,ST01,Highway,Passenger,49.63562170259851,33.07817792444064,32.420675342566796,0.34801264307129387,0.5313594682618413,1,0.6694296644301347,30.109423213199612,0
2025-02-06 11:00:00,ST04,Suburban,Commercial,72.24042981059087,33.174414589417104,41.028818373149896,0.15894110640669545,0.5084120747109189,3,0.30463468871429256,34.85763555327384,0
2025-02-06 12:00:00,ST01,Suburban,Passenger,51.51732633974355,45.10403588308142,31.07862646672736,0.1639851669870617,0.22743687397687726,2,0.4545000117204101,40.77305006458362,0
2025-02-06 13:00:00,ST02,Urban,Bus,83.1540651426488,27.754536084359874,35.35615750664612,0.1056912894916664,0.39774951765447863,4,0.09403074813422674,41.42694656871752,0
2025-02-06 14:00:00,ST05,Suburban,Bus,56.29302731064914,8.471496833872745,41.29961002690389,0.4128360058494439,0.638218651783286,5,0.2820991618716504,51.81733527945013,2
2025-02-06 15:00:00,ST03,Urban,Bus,58.972907353799805,18.778816421693655,42.09499342262062,0.42491842216939246,0.839656175749387,1,0.6326859674325075,31.925411232859275,2
2025-02-06 16:00:00,ST04,Urban,Passenger,90.69825121840609,34.50332354514428,43.0038130691027,0.16480896654577587,0.7531712475134709,7,0.21838213025632403,68.00063328366923,1
2025-02-06 17:00:00,ST05,Urban,Bus,68.57934113241426,15.766648823815876,44.832492205629265,0.39580977370688986,0.3403118431679769,3,0.647536668271193,40.1784434032431,2
2025-02-06 18:00:00,ST03,Highway,Bus,80.18526707309488,17.623751983493044,58.32083634782752,0.2734180492629439,0.4471653005519467,1,0.9230321707966723,47.19406110911466,2
2025-02-06 19:00:00,ST03,Highway,Passenger,64.14238304334806,41.9211057362384,42.0993178144926,0.19583795318615654,0.16633401657023567,8,0.004940305004957235,54.40806777702159,0
2025-02-06 20:00:00,ST01,Urban,Commercial,57.880411431625326,31.294387929321907,30.33855235797667,0.34855384322953153,0.18173785842846463,2,0.7857707197298583,44.495079302519045,1
2025-02-06 21:00:00,ST02,Suburban,Commercial,77.52868362547969,27.88373442981076,51.3584469736204,0.17139362973883393,0.47618430959897207,3,0.6413188801631883,51.19191809501943,1
2025-02-06 22:00:00,ST02,Urban,Bus,49.291454444729276,19.330338506261196,23.866168037205778,0.4027534430612142,0.5241755254536801,3,0.04663276273379224,22.70004152723604,1
2025-02-06 23:00:00,ST05,Suburban,Passenger,62.37999013401178,37.8917616169865,32.8930934897608,0.11904609102822068,0.3112216765575312,6,0.7901671372452204,56.97678810472304,0
2025-02-07 00:00:00,ST02,Urban,Bus,52.54222224315534,17.947329552051322,26.06240612421997,0.48365237317116583,0.614226151348753,2,0.22452103513713106,30.590151272243606,2
2025-02-07 01:00:00,ST04,Suburban,Passenger,81.74769801644473,38.167858293987884,50.91001724176677,0.12875010148344979,0.6627045484641102,4,0.26582054072262484,43.64305157205824,0
2025-02-07 02:00:00,ST02,Highway,Passenger,96.65253030076646,8.154566612034891,42.8451638226496,0.3317793676994759,0.3392929052895662,1,0.09351568246937336,25.05614655206016,2
2025-02-07 03:00:00,ST05,Suburban,Commercial,99.73065808095198,43.90436037119376,77.12412660275015,0.46087771604895145,0.7067397805660335,4,0.5343798153432594,58.93834235669057,2
2025-02-07 04:00:00,ST02,Urban,Commercial,67.01660862649544,27.480490851916976,35.74699020160845,0.10476178753914014,0.2644839352313067,2,0.4982237402682267,35.24992859352744,0
2025-02-07 05:00:00,ST04,Highway,Passenger,55.15182337818667,24.73286075145365,26.891370061369965,0.2994057843956228,0.5354011018204591,3,0.347174506336289,32.8281618067062,1
2025-02-07 06:00:00,ST01,Suburban,Bus,66.56976222305946,32.49605351938661,39.849986098575144,0.24000278572427197,0.7434248748497386,7,0.16875380776677307,56.7695856172106,1
2025-02-07 07:00:00,ST05,Suburban,Commercial,90.83616459776343,33.08864328033217,46.39903361125497,0.33213287610316367,0.5296072685460443,4,0.8379535544990658,47.551407961755274,1
2025-02-07 08:00:00,ST01,Suburban,Bus,52.3603407131224,10.9415829600498,32.14724036998364,0.1901829546950635,0.8263701748168405,4,0.8763784300676717,43.80285441942284,2
2025-02-07 09:00:00,ST01,Suburban,Commercial,97.12573909917543,39.030511541729595,52.389979141834296,0.1259596868926899,0.14680098629970867,5,0.5405796107136721,53.022173609821195,0
2025-02-07 10:00:00,ST01,Suburban,Commercial,60.51194612788906,17.41677340775283,27.40142634657095,0.3503732147394828,0.5706510763931775,0,0.24422533359937815,18.566449927139338,1
2025-02-07 11:00:00,ST03,Highway,Bus,99.14821956701829,45.72328460764613,50.204503762145094,0.266739695797361,0.5494043620355121,3,0.09611006569868397,35.79900745877036,0
2025-02-07 12:00:00,ST03,Highway,Commercial,90.31653325203774,41.80327985366746,51.96596003540945,0.3489942154824919,0.6282826628341478,1,0.8685441674915627,35.67370297475385,0
2025-02-07 13:00:00,ST01,Highway,Commercial,88.51423204884341,20.581971869063683,36.478245490787664,0.18421565873513718,0.7667254709442461,5,0.0960527195895543,48.27620180178286,1
2025-02-07 14:00:00,ST05,Highway,Bus,59.07428042639701,41.34826819403215,41.83977327030972,0.23549650518139276,0.680682467470716,1,0.013180037749451312,23.852231645916888,0
2025-02-07 15:00:00,ST04,Urban,Commercial,40.52663271687577,21.03757246849569,26.290835384145097,0.32467255574584414,0.7322261882982735,4,0.46939757733863874,46.64395214897242,2
2025-02-07 16:00:00,ST04,Highway,Commercial,62.927974529559265,9.542645673621827,40.30812663179092,0.33724511132989093,0.3310533805740972,4,0.7312710219793342,48.447111911206896,2
2025-02-07 17:00:00,ST02,Suburban,Commercial,58.10856217976162,48.28497074265686,35.93549543993037,0.24892592310970607,0.4099979028551717,1,0.4575370044770406,18.476892433619703,0
2025-02-07 18:00:00,ST05,Suburban,Bus,42.243819424527835,34.3670906846948,26.872360992059285,0.2120212822466226,0.6014215792369842,7,0.0514106069865361,42.32872106400368,0
2025-02-07 19:00:00,ST03,Highway,Passenger,70.32191539035578,25.524478699816626,54.419372371225506,0.20948025179543836,0.5427691775399482,4,0.6900291134218228,51.158520277929554,1
2025-02-07 20:00:00,ST01,Suburban,Bus,64.1818786769642,22.899800818896786,25.8927466902306,0.16987974056835936,0.8688830999764292,1,0.6423326205578509,28.08316827094077,0
2025-02-07 21:00:00,ST02,Highway,Passenger,78.07338806449148,19.61174004162188,32.722109338388385,0.23016198493183487,0.2494675999475355,1,0.681529731124555,31.382092152456188,1
2025-02-07 22:00:00,ST04,Suburban,Commercial,77.27117933164499,49.16514179431082,36.82724038049449,0.17977613480528798,0.38102269796091337,1,0.21120249134904945,23.10743426156864,0
2025-02-07 23:00:00,ST03,Urban,Passenger,47.24479815380081,11.063626930890834,22.05956723297181,0.353526162491978,0.5582041866278838,5,0.7956984091451991,50.14861689663739,2
2025-02-08 00:00:00,ST03,Urban,Bus,98.61793276759735,19.166227651425572,46.59478231575614,0.32762679929683586,0.7943710159489216,3,0.4791682117481334,44.73272931057797,2
2025-02-08 01:00:00,ST01,Highway,Bus,51.215885766486814,26.847393812719858,34.25203482624021,0.25303552946836805,0.8434788197527934,1,0.5363528105904403,25.893882904954896,0
2025-02-08 02:00:00,ST04,Highway,Commercial,66.71644148588227,26.509979527444013,38.948612901654265,0.2303320079749578,0.3688290646620789,4,0.5458300096542491,50.79811382010064,1
2025-02-08 03:00:00,ST05,Highway,Passenger,69.28705260602409,26.211491798352956,55.201795169097416,0.19504568007785703,0.15368676922108132,7,0.286806437071201,61.43192852274761,2
2025-02-08 04:00:00,ST03,Suburban,Commercial,88.7837678328472,12.910271712367182,43.57102168690201,0.31418332358373646,0.43729575833774814,1,0.2501341043370423,32.06244612047447,2
2025-02-08 05:00:00,ST01,Highway,Commercial,45.953775765678806,11.521963719927525,24.095037011807836,0.46756110573827536,0.41547531458680564,3,0.004766130481536401,30.381048689737714,2
2025-02-08 06:00:00,ST05,Urban,Bus,65.7186567525119,16.464541384787903,52.160653832738305,0.3742812205555749,0.8891896543437516,2,0.39661034205540036,43.13860786792347,2
2025-02-08 07:00:00,ST04,Suburban,Passenger,77.71013021417224,46.15367692109252,56.93846545704507,0.397765885614227,0.44484899543263157,1,0.4851029839390655,37.542348631605606,0
2025-02-08 08:00:00,ST03,Highway,Passenger,52.90933729744333,10.087383552552957,31.106441090559937,0.4337511454625631,0.34457839944258356,3,0.7428037456552986,42.33599452190992,2
2025-02-08 09:00:00,ST05,Suburban,Passenger,77.64807392596437,39.084129651799614,48.2845815575796,0.2406539893351395,0.39230189962794726,2,0.06662696094429998,44.01647245738869,0
2025-02-08 10:00:00,ST05,Suburban,Passenger,95.41989025297916,39.08967769100171,70.35033396216335,0.12515031284579506,0.41754102449905106,4,0.9239894123987114,63.63859242140571,1
2025-02-08 11:00:00,ST05,Highway,Commercial,99.85108787036049,41.4396681753768,59.150995472896,0.3490235213286577,0.7572323057572928,1,0.2639584682470415,37.55261673696369,0
2025-02-08 12:00:00,ST03,Suburban,Commercial,41.947064607440545,44.897697004521,20.235662020481485,0.17546891649121307,0.16481191426501135,3,0.3667206901282478,33.4106400133552,0
2025-02-08 13:00:00,ST03,Urban,Bus,54.135293694680655,16.836627989251863,39.593352839630604,0.3276174599982665,0.35320563910002134,1,0.048362465595261805,23.951834696632822,1
2025-02-08 14:00:00,ST02,Urban,Commercial,58.618426947501845,15.105176117100337,36.056721776687695,0.39580409326282595,0.8730547935256797,1,0.6531364108181233,28.09471387591009,2
2025-02-08 15:00:00,ST04,Suburban,Commercial,63.94756602669797,25.947754993736588,29.49370704549151,0.4134553208591346,0.22248200383903996,3,0.7089227973898669,31.035546875990978,1
2025-02-08 16:00:00,ST01,Highway,Bus,54.535429455086046,16.929012593841627,32.84310795405353,0.2207356480990062,0.6940810572260719,2,0.9287912172897655,27.088727200034256,1
2025-02-08 17:00:00,ST05,Suburban,Bus,52.20927967331875,38.04394950423984,29.512932213144367,0.3049732930277261,0.3851148009586324,7,0.3368290033152288,47.45066583847712,1
2025-02-08 18:00:00,ST02,Urban,Bus,97.27323054505,33.617280953364514,73.02661452019584,0.3483860385108769,0.5654284209556203,6,0.25736872987823345,73.40065030687369,2
2025-02-08 19:00:00,ST01,Suburban,Commercial,95.11129616623107,44.374445962369315,42.84023665269638,0.42779228868024877,0.17963843080710565,1,0.7260865035708707,28.54242558187817,0
2025-02-08 20:00:00,ST02,Suburban,Commercial,42.81955006018705,8.72322365691822,32.11825603796632,0.404555466041979,0.34512933388315725,2,0.7068008884429279,35.55951944515718,2
2025-02-08 21:00:00,ST03,Urban,Bus,60.32878129629089,46.178750001113364,36.49193908279574,0.4951901283909481,0.5006919533287106,2,0.9371240578533869,45.04388253848954,1
2025-02-08 22:00:00,ST05,Suburban,Bus,64.3089132207044,18.20068820015403,36.12526010316065,0.10323387061200436,0.2853605265406867,2,0.20531862423328395,30.909078448615173,0
2025-02-08 23:00:00,ST01,Suburban,Bus,54.3408720799566,27.08124556671428,25.25692405149901,0.2749957763452532,0.5334959544425217,1,0.7052926226945352,20.26945135800503,0
2025-02-09 00:00:00,ST01,Highway,Commercial,77.73237381929053,24.737514617283967,52.88344706815757,0.20241779455045117,0.27580745125017303,2,0.06686857718935424,36.44894938324152,1
2025-02-09 01:00:00,ST01,Highway,Commercial,78.42284479865447,39.214024299699076,60.442265402217146,0.14795735485794936,0.6200804421204431,2,0.48036810675721864,46.923945408876975,0
2025-02-09 02:00:00,ST01,Urban,Passenger,91.03025369971581,23.914998924432915,50.080379783319565,0.4646061312668739,0.8234834722002514,2,0.11939077726570835,38.15896887244879,2
2025-02-09 03:00:00,ST01,Urban,Commercial,84.45215610311307,47.459891554223425,41.94181211677479,0.49918482643827455,0.16839090988125716,2,0.6531459880944719,38.08765758012054,1
2025-02-09 04:00:00,ST02,Urban,Commercial,72.55439961795733,45.6140247187359,45.12497425947926,0.17223848316188944,0.2732928286208691,2,0.6014667616916858,41.73550909483077,0
2025-02-09 05:00:00,ST05,Highway,Commercial,79.2152062026652,44.24725183862779,56.914096113407524,0.11537335712054544,0.7755384218082639,0,0.048832933629728625,33.94336075760118,0
2025-02-09 06:00:00,ST03,Urban,Bus,56.439326892581086,8.206624969170255,22.660789214780007,0.21002177907220015,0.605242788353566,1,0.31961782258475613,17.127454567078612,1
2025-02-09 07:00:00,ST03,Urban,Commercial,75.58337139804146,43.441612769927275,49.3220026661842,0.4339447672265583,0.1629671337140522,4,0.3950336322767527,55.63502670216722,1
2025-02-09 08:00:00,ST03,Urban,Bus,69.35363528499515,40.17359504494447,44.28967537564476,0.21755603327972672,0.4890800920875963,3,0.24806026951296445,41.27350470517173,0
2025-02-09 09:00:00,ST03,Highway,Passenger,48.00066803898223,9.658082615275895,25.308874198257723,0.12276059219904863,0.26780681200906803,3,0.038670044018810135,16.914404159251433,0
2025-02-09 10:00:00,ST02,Suburban,Passenger,54.552656594978245,9.833644644629985,31.67159227588553,0.12099687358121197,0.2592771152560558,5,0.3188218961060588,43.084740255871566,1
2025-02-09 11:00:00,ST04,Urban,Bus,57.50160704329517,9.552371518289352,28.680955725277368,0.2709691209477746,0.8525162746884191,4,0.7926249014508285,41.39900616788245,2
2025-02-09 12:00:00,ST05,Suburban,Bus,95.45857402315347,5.509966694201939,68.34397608370507,0.4727302892246479,0.7092332384608871,0,0.3601090885916426,43.17378877830746,2
2025-02-09 13:00:00,ST01,Urban,Bus,53.82319836315337,29.68854373375626,35.19035918002707,0.21436817665585278,0.656984474819315,3,0.3233697552343533,32.92255793357064,0
2025-02-09 14:00:00,ST04,Suburban,Commercial,57.35463416918009,48.80274311462195,35.16324574755865,0.2708630722804175,0.2911430536622869,2,0.9417531379115845,37.74496601218657,0
2025-02-09 15:00:00,ST03,Highway,Passenger,62.16124780536594,24.74081163049071,34.62446643812589,0.14077352215304342,0.19485874643276038,3,0.0416307187145013,25.632907292371936,0
2025-02-09 16:00:00,ST04,Highway,Bus,79.82456431752323,29.334087584931037,41.23367839222287,0.29742911730759247,0.7966660970282801,6,0.767288195641983,54.13859785189092,1
2025-02-09 17:00:00,ST05,Urban,Commercial,47.09430354832843,48.558640854648,34.33620214493715,0.3786188257142816,0.10470365547396075,2,0.48309359831434995,35.98393701836244,0
2025-02-09 18:00:00,ST01,Suburban,Passenger,97.23671274962656,16.48320029484038,56.452044293021444,0.20846014447088784,0.4104771389608157,4,0.9444625075105407,51.563894586157815,2
2025-02-09 19:00:00,ST01,Highway,Commercial,91.93427320568587,43.63116136692183,55.21379091987859,0.21868452341147393,0.3220900023690668,5,0.3934707441633918,61.371365433419356,1
2025-02-09 20:00:00,ST05,Urban,Passenger,74.632964380537,29.587571024528124,45.40158259013779,0.4367900101625085,0.556300960279059,6,0.7080423370055218,65.4810203948691,2
2025-02-09 21:00:00,ST05,Urban,Commercial,80.4422720454974,30.626443159835482,46.603970816676096,0.10414548893887084,0.3004067487086678,2,0.06993536439051484,40.20819054336524,0
2025-02-09 22:00:00,ST03,Highway,Passenger,40.99962827465296,20.44282357432776,20.599663422347692,0.3545882834200388,0.3489642874626464,3,0.9287724255838811,42.31415828902483,2
2025-02-09 23:00:00,ST01,Highway,Passenger,60.33668652090692,30.271296243510864,27.039051975855955,0.25755385397664676,0.7800318839945549,1,0.3445426667985926,25.84086659346845,0
2025-02-10 00:00:00,ST04,Urban,Commercial,87.73961383968651,8.291412926522778,38.554094243920844,0.2193522054245876,0.582551058723615,5,0.5240045757842865,51.64437706256025,2
2025-02-10 01:00:00,ST02,Suburban,Bus,44.648978427543156,39.40896076763505,31.38756251674159,0.3630375328975509,0.2165460218634947,6,0.1384816087629671,50.17675716070489,1
2025-02-10 02:00:00,ST02,Suburban,Passenger,56.93883005264321,17.810949269492227,27.86649709548256,0.43386740871588214,0.6811772347966653,4,0.9455578712202408,43.745255107576234,2
2025-02-10 03:00:00,ST05,Suburban,Bus,75.11780970005867,44.94237482722797,31.7199318476952,0.32335684653146946,0.26596736118390274,3,0.6729704039298935,35.721689719306454,0
2025-02-10 04:00:00,ST03,Urban,Commercial,55.38478166193651,21.55328125733563,39.82204364135279,0.1124378487772224,0.4464039440899841,4,0.05394747683611223,44.3010354842748,1
2025-02-10 05:00:00,ST02,Highway,Bus,96.03867844867116,11.427084971909718,44.3338223956103,0.2845604763302304,0.6172857894714346,8,0.15520677917928338,65.96431933353358,2
2025-02-10 06:00:00,ST01,Urban,Bus,47.86351784825742,36.31467084658182,31.114083587082074,0.2851039763575892,0.31754362996598984,2,0.3998339976426497,33.9569219010874,0
2025-02-10 07:00:00,ST05,Highway,Bus,87.84366147446671,12.406016512107628,47.0365305488555,0.31751939792184314,0.4072854517406338,5,0.21677101238427177,49.64298482789494,2
2025-02-10 08:00:00,ST04,Suburban,Bus,70.47692151438449,38.91562319943457,31.756344255334845,0.36838356041742093,0.6873196778433207,2,0.3046255695163306,28.32157200786127,0
2025-02-10 09:00:00,ST05,Suburban,Bus,85.01984654919735,48.565050638275245,48.103582321185634,0.10772736141373618,0.8503287627394748,4,0.9974911608761765,55.08416294251417,0
2025-02-10 10:00:00,ST04,Highway,Passenger,58.642919698686846,40.07987909578678,23.804541821166556,0.3008050497599002,0.5233960455675785,4,0.6586486971498026,37.855520305734615,0
2025-02-10 11:00:00,ST05,Highway,Passenger,70.86937613872233,6.0102161794096105,52.18948374159605,0.3353231077522363,0.1079767772452982,2,0.9222176023144519,59.52603569852843,2
2025-02-10 12:00:00,ST05,Urban,Passenger,91.41012098339058,31.994860462374863,55.33961270174967,0.2373413545664208,0.3707710009934644,3,0.43579837485432904,56.70005317627427,1
2025-02-10 13:00:00,ST05,Suburban,Commercial,68.01268594738626,36.29348019363759,30.99093282628173,0.3673460906361733,0.41890746787642763,5,0.7102822844905679,47.61975612381894,1
2025-02-10 14:00:00,ST04,Urban,Bus,61.58319171461618,42.14562466083284,30.470878437822325,0.19127108685166846,0.37133889600179526,2,0.45969029216128865,29.177946322451568,0
2025-02-10 15:00:00,ST04,Urban,Passenger,72.16932317516417,7.520103902255007,41.79975583642631,0.22694893322698065,0.44901508889245023,3,0.3282245428550241,41.41226639507756,2
2025-02-10 16:00:00,ST05,Urban,Commercial,83.04176518218202,26.604852257852887,39.490324848021785,0.4851021389697304,0.6061330030547197,1,0.5191731465010563,27.789707592190705,1
2025-02-10 17:00:00,ST02,Suburban,Passenger,66.61380072991017,29.091689268727745,33.80248470014579,0.23922814834445605,0.19690242159820254,5,0.4273110417874867,43.94294597416053,1
2025-02-10 18:00:00,ST03,Urban,Passenger,96.33261850853637,12.610618818988012,59.124551681792376,0.23860035494629803,0.31810440709400445,1,0.9805406486806937,44.58220196134412,2
2025-02-10 19:00:00,ST03,Urban,Bus,57.69674944254052,19.510241436979236,42.29423322056689,0.3382722543292461,0.5061184688140997,3,0.4961664052164009,39.251868874332104,2
2025-02-10 20:00:00,ST03,Urban,Commercial,68.52781637014722,24.80997768152743,38.42600502453752,0.48839013194402414,0.35245864654398007,2,0.8111131328987955,38.24297223789324,2
2025-02-10 21:00:00,ST04,Urban,Bus,85.41565956048649,42.494435958101064,58.662630175849216,0.49323217838120015,0.8928682705082875,5,0.6668194682958485,62.84996557302357,2
2025-02-10 22:00:00,ST04,Urban,Bus,81.34726542974549,46.82334047315931,61.065251536078605,0.3318631854705264,0.4451451736299906,6,0.4796272372174225,49.41749189753763,0
2025-02-10 23:00:00,ST02,Urban,Passenger,91.81846314502937,33.27902730129528,44.67155322393909,0.10043480792197301,0.795839322873773,1,0.4741500724663361,22.445314487343506,0
2025-02-11 00:00:00,ST03,Suburban,Bus,99.80855084086653,22.772533370965796,72.14928466283591,0.46026262030735987,0.8172078684910916,6,0.34189011706203765,65.25501422705372,2
2025-02-11 01:00:00,ST03,Urban,Commercial,65.61149972770536,16.43139580095437,46.12231754290601,0.32809518583081926,0.76880559977788,2,0.10698180763205611,35.529320856250955,2
2025-02-11 02:00:00,ST05,Highway,Bus,46.66905278699871,49.19608329962677,25.330791354635565,0.24639856331597434,0.13751859275613426,4,0.7614693289373168,36.42657065870092,0
2025-02-11 03:00:00,ST04,Urban,Bus,41.82495284847808,49.23589991343613,33.28463139889191,0.43167805640637535,0.8581973852906811,2,0.918094793200539,47.37376802652628,1
2025-02-11 04:00:00,ST03,Urban,Bus,83.61261436838629,46.62396267057656,42.22679072202146,0.259932983740082,0.20299404970654156,4,0.21795485466011766,47.76607864972163,0
2025-02-11 05:00:00,ST02,Suburban,Passenger,92.44082027852295,40.35511174450186,46.39801728005584,0.11361780248010588,0.1275229021714356,2,0.9256734939291974,52.24714784531169,0
2025-02-11 06:00:00,ST02,Suburban,Commercial,53.24275515666512,19.660079468552823,37.74398431111443,0.42842888922280753,0.43149568632524604,2,0.23230421805827817,35.695908069107475,2
2025-02-11 07:00:00,ST03,Highway,Passenger,49.50688223139436,41.76502175739338,28.410164354865245,0.3183437604079049,0.25570722620628483,3,0.5300791019837752,26.586714063371186,0
2025-02-11 08:00:00,ST04,Highway,Passenger,43.73230549154146,23.395685777202765,23.27949330335156,0.23525741528967847,0.24735722373058897,3,0.34362199612713784,24.248062175247647,0
2025-02-11 09:00:00,ST02,Suburban,Passenger,89.36217530303239,19.704789416977032,42.131148893550744,0.20035695054154049,0.3302556907009205,4,0.11450878591225822,39.653656398038756,1
2025-02-11 10:00:00,ST05,Suburban,Passenger,58.68291639355506,38.51894113098258,41.43794218054527,0.3375189837661703,0.2987244841974839,1,0.05283837495554733,20.26738604357654,0
2025-02-11 11:00:00,ST02,Urban,Passenger,64.10181356558658,8.58442674291903,45.80258695403069,0.18321981929004005,0.6478363217201225,1,0.3653465321442274,36.96091676967148,1
2025-02-11 12:00:00,ST01,Suburban,Commercial,70.16501149657674,7.185322548304776,43.96719251870644,0.2295403546228013,0.24942184530885605,2,0.04734386454943995,31.664496263942993,2
2025-02-11 13:00:00,ST01,Highway,Bus,90.36719405257304,25.157916373153352,70.75077564200308,0.3546121237655935,0.5344946441578069,1,0.1042064375378513,42.44289435092787,1
2025-02-11 14:00:00,ST04,Urban,Passenger,79.0499932936891,25.053746036997286,41.68031907475924,0.45261778016237286,0.8891412369148238,3,0.14229757879798421,44.14594739394573,2
2025-02-11 15:00:00,ST03,Highway,Passenger,76.90387779146869,45.303986887872576,37.51737361027626,0.31315613135663956,0.4459059367650311,2,0.0019157061789990548,38.41144832448185,0
2025-02-11 16:00:00,ST04,Urban,Commercial,50.54032599735464,10.676889332951756,33.91188694067075,0.403642559319637,0.6134984870363491,2,0.15325221584365345,27.131528339410952,2
2025-02-11 17:00:00,ST04,Suburban,Commercial,70.79139350258978,10.547776735358575,49.792079211682385,0.40522424150521674,0.875497342183899,2,0.5772786803783746,33.845937482127354,2
2025-02-11 18:00:00,ST04,Highway,Bus,82.9228610307193,11.635367021370552,40.62908302870685,0.36574158106375476,0.21011119843309142,0,0.8195231220959365,22.568463647878794,1
2025-02-11 19:00:00,ST04,Urban,Commercial,98.3956529818295,6.338131758257117,42.3735276626955,0.19833533507220708,0.4348856074344395,4,0.19342995940806984,48.868096172860746,2
2025-02-11 20:00:00,ST05,Urban,Bus,52.084378552801134,8.227928201670878,37.71985042538084,0.4467154392600968,0.7801539201562033,5,0.08087260384750028,45.99667356780678,2
2025-02-11 21:00:00,ST05,Suburban,Passenger,40.5726011840336,34.69414400730676,32.07673052647799,0.27451026225582664,0.8458445461959039,5,0.7295141984358722,43.88333089149781,1
2025-02-11 22:00:00,ST02,Suburban,Passenger,44.51808601590818,24.421294810287915,29.287064919738526,0.11768429757428023,0.5809888463671241,5,0.008162711457216032,43.264914067523385,1
2025-02-11 23:00:00,ST01,Suburban,Bus,62.55114791091876,39.362138018960614,31.97281659254719,0.19784506802781007,0.2147364820321787,3,0.7341621020363812,32.946897781071264,0
2025-02-12 00:00:00,ST04,Highway,Commercial,89.23267886475924,49.66689733617471,71.26737827082097,0.4062193416397263,0.821177267158124,2,0.1311172358668813,38.082927574078894,0
2025-02-12 01:00:00,ST02,Urban,Bus,40.4285249060947,34.65656064945506,30.616790943280673,0.12765333432699577,0.23955725295275407,3,0.22828506211940347,22.552633267156658,0
2025-02-12 02:00:00,ST01,Suburban,Commercial,67.40383557315042,7.270500677905568,40.80306409658602,0.1589457608619645,0.3823022786656949,3,0.12006991088802954,29.3724036005705,1
2025-02-12 03:00:00,ST03,Highway,Passenger,59.75383692048367,9.705328913945369,43.62798015277066,0.3776907264166818,0.4004063822098094,5,0.2473381570513945,55.073952066894705,2
2025-02-12 04:00:00,ST05,Highway,Commercial,43.14890260598366,44.64518381666185,31.34026516328802,0.45704031589101624,0.45783323189810243,1,0.7981759384617949,27.639088042744387,0
2025-02-12 05:00:00,ST01,Highway,Bus,67.01417720035704,28.73731750512177,51.86358440030725,0.3534928020230548,0.7321326527447597,1,0.13254410512507575,32.08823325354409,1
2025-02-12 06:00:00,ST03,Suburban,Bus,55.28492244020313,42.1176721728083,40.71013276853455,0.18891642153182187,0.7417155024819877,3,0.9941656322935339,46.23156820281697,0
2025-02-12 07:00:00,ST01,Suburban,Passenger,61.11309006082038,43.54755513012167,40.18012687126025,0.12136550529981945,0.6757240586224913,0,0.3270977760977919,18.3086102155849,0
2025-02-12 08:00:00,ST05,Urban,Commercial,82.33691828705759,46.74535436747836,53.002043522711936,0.34605063302012473,0.1177029395372653,2,0.9219681255083289,43.32236515091456,0
2025-02-12 09:00:00,ST05,Urban,Commercial,71.29305903465803,47.74231424688646,41.844955912784535,0.1189594311724656,0.5518760817737213,2,0.19003307983554663,30.905719403082728,0
2025-02-12 10:00:00,ST02,Suburban,Commercial,47.4788457395688,29.96716084264878,30.889464319118165,0.3450888207767028,0.69799436470512,1,0.18789751994440174,17.668835181786644,0
2025-02-12 11:00:00,ST04,Highway,Passenger,97.68487242541835,20.345907751521523,70.14620129248618,0.19023197766443803,0.4557001920492343,5,0.5653356830430738,63.297266300166676,2
2025-02-12 12:00:00,ST01,Highway,Commercial,78.1546459425843,48.28391934565994,61.555775412521065,0.4618624249635319,0.8559488362923172,1,0.05060008490467793,35.675612941466646,0
2025-02-12 13:00:00,ST01,Highway,Bus,85.9521055397519,29.633288270055136,50.44657514704534,0.2900370673949447,0.7590484175042808,4,0.8010028976355928,51.9939866577486,1
2025-02-12 14:00:00,ST03,Urban,Commercial,44.75278900050225,7.891372532957497,28.170147901328157,0.18957537332387828,0.6105240523894646,1,0.43961525066805385,25.647159934246314,1
2025-02-12 15:00:00,ST05,Highway,Passenger,42.823502767601134,33.924944752693925,24.748652846518027,0.44125812662343666,0.1499401469460107,5,0.6991964733528545,41.938142772256484,1
2025-02-12 16:00:00,ST01,Urban,Commercial,41.16688302208487,31.445813767775483,27.474590353481396,0.20161415937900334,0.6218769980665105,3,0.17463220349601938,38.2078433643475,0
2025-02-12 17:00:00,ST05,Urban,Commercial,51.32764166640666,45.310679280261766,33.4639902308741,0.2226396306099502,0.8292636810017752,3,0.6423573507861904,32.99186364462015,0
2025-02-12 18:00:00,ST01,Highway,Bus,64.8645038631097,34.39342351210156,26.40851352640715,0.4337111596221823,0.4035563095047612,1,0.5940706543516936,21.49353296778049,0
2025-02-12 19:00:00,ST02,Highway,Commercial,96.14956800416937,20.707359100769814,59.27280725286418,0.2235168119202384,0.7705060204842888,4,0.7556612519179438,59.163043620920774,2
2025-02-12 20:00:00,ST04,Suburban,Bus,67.42357955594657,48.48015765676192,29.355873123107116,0.26406550769225495,0.3505289142897432,4,0.2974012926509706,40.73999370411022,0
2025-02-12 21:00:00,ST01,Suburban,Bus,57.41530632235177,41.07287686919151,23.57205193281267,0.23906626830354663,0.5560826332378422,5,0.9331655749715092,40.08692465676739,0
2025-02-12 22:00:00,ST05,Highway,Passenger,73.7161152111798,33.368792827160945,52.81603854646957,0.14656012713215036,0.6187395346966259,0,0.9613010693957319,35.507359849950305,0
2025-02-12 23:00:00,ST02,Urban,Bus,46.71607468808735,18.18163415314053,23.519672386713896,0.11555832489873047,0.6423960300471159,4,0.8681236112213547,44.438740218096555,1
2025-02-13 00:00:00,ST01,Urban,Bus,76.57035346029899,21.809313334143297,41.06177325449319,0.38981626962439253,0.8060394515714785,1,0.5720337661605418,23.23826779847659,1
2025-02-13 01:00:00,ST03,Urban,Passenger,74.10591725983019,35.14864658434955,31.541985762578985,0.35805484957428824,0.28769781360502567,4,0.42028827066135055,39.534806544629134,1
2025-02-13 02:00:00,ST04,Urban,Bus,87.51958200434258,8.239136830849478,41.2917479089915,0.2129464270208229,0.30989566823117976,4,0.05799241856995485,33.791170765972694,1
2025-02-13 03:00:00,ST01,Urban,Passenger,99.20125669702145,16.550626624261856,70.06008672059566,0.2182396499939514,0.6632327946485894,1,0.9472278014609896,45.43763678137937,2
2025-02-13 04:00:00,ST02,Suburban,Commercial,55.05240830296663,37.12554200284691,32.888987631614,0.47800231320347253,0.2417550499872305,3,0.9517813436983669,41.39013004785469,1
2025-02-13 05:00:00,ST03,Highway,Passenger,70.57938704822564,26.60083294300794,53.094570931087354,0.4950684508933969,0.4714163239711683,1,0.018688454979683855,30.647510867415757,1
2025-02-13 06:00:00,ST02,Suburban,Bus,94.53192437914021,23.107710416649354,52.83359500446863,0.2893739612934774,0.11602750726177212,2,0.3568875466407201,34.28263347854268,1
2025-02-13 07:00:00,ST02,Urban,Passenger,87.11139306537048,11.815593008018652,44.207315389845924,0.42098069819259754,0.2127834695920913,3,0.8800363682582618,52.0110415094415,2
2025-02-13 08:00:00,ST03,Urban,Bus,69.24437818604845,24.883206551497967,37.32548447832942,0.39467435034774623,0.6430771080230892,1,0.0808520330396183,22.802974129452153,1
2025-02-13 09:00:00,ST02,Urban,Commercial,96.72229897688666,39.681138684210524,66.26529019668817,0.2189270838048188,0.6979692827854032,2,0.19656637671020738,47.847756379156245,0
2025-02-13 10:00:00,ST03,Urban,Passenger,43.43420161100856,16.880578073235185,27.0161719513752,0.12342508420819134,0.19225522659030148,1,0.9786773168195908,35.80367641393824,1
2025-02-13 11:00:00,ST01,Highway,Commercial,95.85991718275504,5.242934398265484,73.01424458244243,0.157022502853976,0.2821676403289576,2,0.8472888121203486,51.5979210875817,2
2025-02-13 12:00:00,ST03,Urban,Bus,43.03044354296839,35.082720551794225,27.576813110998195,0.4353176468003054,0.1791235572296409,5,0.9120634940837636,50.98709215750179,2
2025-02-13 13:00:00,ST03,Highway,Bus,72.83828464688105,48.768197199464865,43.499554100940856,0.39248552799851244,0.44673027514009345,0,0.1421544186553172,25.247140939281422,0
2025-02-13 14:00:00,ST04,Urban,Commercial,93.42645688006515,32.30719536148623,66.73461994266509,0.36573393778491115,0.20089285659570663,3,0.21131595896684496,43.53273356826602,1
2025-02-13 15:00:00,ST03,Highway,Passenger,55.763256613678166,10.396483651720857,43.44033195290956,0.15225953267865933,0.44983681373351203,2,0.605416584351749,43.8105132644465,2
2025-02-13 16:00:00,ST03,Suburban,Passenger,68.33490993670951,19.43298915551029,37.060643293192356,0.3559722749802099,0.6856786046409054,2,0.5017382210026992,34.052399879847485,1
2025-02-13 17:00:00,ST01,Urban,Bus,59.459732748218,44.04387266241005,29.726922169917945,0.4088609325972462,0.646710906514734,3,0.2985033905470489,30.184316999994227,0
2025-02-13 18:00:00,ST04,Highway,Commercial,97.12863502458109,15.465563341557285,62.79239584201287,0.4442406999441163,0.32436838948147617,2,0.8838462997372464,42.13654480204172,2
2025-02-13 19:00:00,ST05,Suburban,Commercial,89.41873568518545,32.34631565739237,53.61092504818685,0.1052925116774473,0.639010039397546,3,0.901388615535573,44.4479513540511,0
2025-02-13 20:00:00,ST01,Urban,Passenger,82.54009067958278,23.120204371429903,65.67502309114289,0.3737900407513911,0.8421697047196616,0,0.29168401014661116,35.21176354054687,1
2025-02-13 21:00:00,ST01,Urban,Passenger,75.25761919690652,14.352967463884205,44.02154651179957,0.10763906224128178,0.3780195096679324,1,0.1557531405919398,21.879010303815782,0
2025-02-13 22:00:00,ST05,Urban,Passenger,89.23550735944889,41.603310210410584,38.34740842316172,0.38274913821737544,0.3632953229580853,7,0.14909242077031348,58.8283610152667,1
2025-02-13 23:00:00,ST03,Highway,Commercial,63.53602249141282,38.42740744095606,50.25366604775669,0.35424854589280197,0.5571509211856139,2,0.48442519539193907,38.07596919904972,1
2025-02-14 00:00:00,ST02,Highway,Passenger,66.85311130636372,34.771597968166944,49.29980931068962,0.159339145167589,0.2964014488219775,3,0.13291849540135292,33.1720237528756,0
2025-02-14 01:00:00,ST04,Suburban,Passenger,83.80010326485169,15.635146562093803,39.49499349420148,0.40644870053805215,0.6212631423842015,1,0.4733402220952253,26.166158520814225,2
2025-02-14 02:00:00,ST02,Highway,Bus,61.465285797622855,9.403565122240252,46.826842485694534,0.12733904727587647,0.7658094165379848,1,0.46193407285985744,27.718310936930536,1
2025-02-14 03:00:00,ST05,Highway,Passenger,43.83405652290243,30.927169842168478,23.506746080912105,0.4305595094978534,0.4674548040789056,3,0.8841102132056571,29.47380084998609,1
2025-02-14 04:00:00,ST01,Urban,Passenger,44.46007653316429,29.9155025092745,24.490601690855666,0.20477169793929162,0.6436058599427059,5,0.29621043980003703,29.131701389179693,0
2025-02-14 05:00:00,ST01,Urban,Commercial,46.92176807834223,13.477325420069285,35.78050360076972,0.375540744920266,0.6215083391063962,1,0.5606524586409775,28.994325664193205,2
2025-02-14 06:00:00,ST04,Urban,Commercial,92.18087940061977,7.531101244182762,56.41895934781264,0.4694757364087482,0.13093244947807162,0,0.7434998642840964,30.875304026356776,2
2025-02-14 07:00:00,ST01,Urban,Bus,68.33358554537226,8.631880438729368,31.098968186562836,0.2359308098693796,0.24673303614062114,3,0.5959147950499064,45.89173026669471,2
2025-02-14 08:00:00,ST01,Urban,Passenger,82.77294216068418,49.67469439307302,45.32832251677103,0.3011576311761677,0.814824001454504,6,0.954067844980137,67.16771702666935,1
2025-02-14 09:00:00,ST04,Urban,Bus,63.5745601362936,40.261275263429766,43.792635063326,0.2852472135801801,0.8511137178920155,5,0.60227748049977,61.0764790122847,1
2025-02-14 10:00:00,ST04,Urban,Commercial,55.52265684493807,46.48943641843277,26.077530298741088,0.16304453962514726,0.7243517119289419,4,0.9018621784701119,45.635167212402244,0
2025-02-14 11:00:00,ST05,Suburban,Bus,60.83153005373272,13.77746250063635,38.69447875096331,0.33612480419630464,0.8369985186621557,3,0.24505638925374296,33.874639515983695,2
2025-02-14 12:00:00,ST01,Suburban,Commercial,87.65094071903101,48.22558413455458,59.43694901168712,0.3972007674083792,0.34491892073485986,7,0.5607527727794364,71.94641596597332,2
2025-02-14 13:00:00,ST01,Suburban,Bus,77.5129675018863,11.419445816292294,41.666431411330265,0.4667499315695277,0.2981687774232376,2,0.5433059265666544,34.75248725247763,2
2025-02-14 14:00:00,ST05,Suburban,Bus,96.25838679747412,27.9086822854912,65.22008900898302,0.44032104065980515,0.40744015004841605,4,0.9894521101400835,64.20770771035258,2
2025-02-14 15:00:00,ST03,Urban,Passenger,80.78228671461004,42.33630579876788,60.88423141010085,0.30400775189121265,0.14427359884036228,2,0.2045063133991235,46.94355055618665,0
2025-02-14 16:00:00,ST03,Suburban,Bus,74.21089790528163,20.741150953021073,43.69884216437946,0.387606861804774,0.7478972952330623,4,0.14099339836597746,46.24669564914518,2
2025-02-14 17:00:00,ST03,Urban,Passenger,76.61176053915007,24.117283992960523,42.37884731914666,0.4203133653495571,0.8873403880920618,4,0.6116720776304204,47.347857081416,2
2025-02-14 18:00:00,ST05,Suburban,Passenger,96.54228636810487,10.768329963459404,48.315877070316766,0.29739548549533956,0.7592234339492879,3,0.22369214333206333,41.72400528489232,2
2025-02-14 19:00:00,ST01,Highway,Passenger,87.29205579200237,10.531484599953775,56.0137577000254,0.1461710242817071,0.5439802678820386,6,0.6391553456502899,65.49643602643512,2
2025-02-14 20:00:00,ST05,Suburban,Passenger,41.44247424198627,32.88057011503968,31.162288031835846,0.27517230553894834,0.33622557638635986,2,0.9724890885195508,40.83524638411406,1
2025-02-14 21:00:00,ST05,Suburban,Bus,72.04838176814184,35.39895658790255,38.17588027665177,0.436991215280626,0.2581583108348645,7,0.9465059953974576,61.10467572783458,2
2025-02-14 22:00:00,ST03,Urban,Commercial,81.30030469279389,39.979963133698696,45.40574942711427,0.338656562157494,0.391250297437328,0,0.231103024643998,23.72031929411315,0
2025-02-14 23:00:00,ST02,Suburban,Commercial,84.9219087063493,30.05069237067891,47.781329514160426,0.3897833508037356,0.633575623638565,0,0.17089634821214894,23.062272998957503,1
2025-02-15 00:00:00,ST01,Highway,Commercial,52.7885271588362,34.05916815175877,32.95719387750768,0.17410720886103503,0.45764924443265886,4,0.5607392871625457,42.77248765092701,0
2025-02-15 01:00:00,ST03,Urban,Bus,92.03064126708114,5.608277226487402,45.22050578851225,0.4857351072844023,0.8472478560675889,6,0.5867772882231501,61.66146142120189,2
2025-02-15 02:00:00,ST02,Urban,Passenger,97.35058883050982,12.297682721173462,70.95733157709144,0.26163221179732377,0.783376274372586,5,0.6622500713806503,68.59943478857447,2
2025-02-15 03:00:00,ST02,Suburban,Commercial,54.20291835069219,49.321164470760706,28.09016978501286,0.3614542090870916,0.1819204927703192,1,0.7414909259868084,26.171617496438444,0
2025-02-15 04:00:00,ST04,Urban,Bus,92.95692745103474,8.41970778421243,63.410110374153696,0.1075489018362421,0.205220179108568,2,0.6009573106720042,53.07848957123805,2
2025-02-15 05:00:00,ST01,Urban,Passenger,45.818725750965726,35.545470001711024,27.73344682985659,0.15092770490211654,0.6409913482400886,3,0.11175300371966279,26.013165582312087,0
2025-02-15 06:00:00,ST02,Urban,Commercial,43.34241016691471,12.92371848642723,27.49464976289688,0.41281370795396766,0.28461471198428345,6,0.7901579705694478,44.14988376474241,2
2025-02-15 07:00:00,ST03,Urban,Passenger,47.75342800616496,37.25233635954389,22.532144394013063,0.4871877782081019,0.732823901609401,5,0.07951718452462597,38.66900344398506,1
2025-02-15 08:00:00,ST04,Urban,Commercial,43.46446476802216,36.76956813328971,30.16474186756649,0.2280221420221913,0.5730865138610824,3,0.01999268621719208,30.080998671184588,0
2025-02-15 09:00:00,ST01,Urban,Commercial,90.70073422934655,15.53895769046406,43.123501518893455,0.11487229397650595,0.28386442218668,4,0.7696581966118765,48.42270290726696,1
2025-02-15 10:00:00,ST05,Highway,Commercial,43.543008667496316,17.13354796486419,19.393596901696093,0.24434664079205504,0.482949437984473,4,0.5483574244356758,28.583061985131685,1
2025-02-15 11:00:00,ST03,Suburban,Passenger,56.29985148181933,34.46468211209397,34.83113045348532,0.10698725211160105,0.4248610338936267,2,0.6985914185865233,35.394490211808154,0
2025-02-15 12:00:00,ST02,Highway,Bus,46.22538061215138,22.553871745109614,31.605164293311883,0.17694923690498765,0.7985274873515238,1,0.3827473242075987,33.605423671869744,0
2025-02-15 13:00:00,ST02,Urban,Passenger,57.7253221788259,13.754658636496007,24.245462783003706,0.40098880602149534,0.12572997998164023,5,0.011092493524492486,30.57594446770605,2
2025-02-15 14:00:00,ST03,Urban,Commercial,45.43356805605523,37.92558194543668,19.434577928071096,0.47483535924259845,0.8166751123734319,1,0.33101534913102537,17.241935464270117,0
2025-02-15 15:00:00,ST02,Suburban,Passenger,80.08019504458085,11.936638595135037,57.743559580916674,0.13497963374755467,0.6216661463037947,2,0.6081352329231426,45.330596174817465,1
2025-02-15 16:00:00,ST04,Highway,Bus,47.99960898055451,43.503964886522596,34.733144883755564,0.3231603115242037,0.690030550038703,4,0.22570307047010973,37.40393263810097,0
2025-02-15 17:00:00,ST01,Suburban,Passenger,91.11075555033327,28.160128582332238,45.384261464658756,0.2015523384496128,0.102085970714107,1,0.6878043336329314,35.3921917892329,0
2025-02-15 18:00:00,ST04,Highway,Bus,89.03146304359845,9.756527174568532,57.52245201783371,0.15562365031757183,0.6025915472297859,5,0.794401009891945,59.47008646630674,2
2025-02-15 19:00:00,ST02,Urban,Bus,40.81970112823657,36.2332550088943,23.564071736652398,0.18759209195662302,0.5707889309688209,3,0.45426699836555917,32.092670804538415,0
2025-02-15 20:00:00,ST05,Suburban,Passenger,93.74358133090688,28.36233678085432,61.22190965838397,0.33110522699908296,0.5297644451090399,4,0.8757212980691675,58.09370526544734,2
2025-02-15 21:00:00,ST01,Suburban,Commercial,41.736659004602025,18.41259073076643,31.1001429788746,0.12605380057758442,0.728693485364708,2,0.8548165645691179,31.40910918743294,0
2025-02-15 22:00:00,ST01,Urban,Bus,54.3787470974534,24.014272110073467,23.488495765567517,0.273687438467367,0.5446968771172042,3,0.8780579527918337,35.13944440581524,1
2025-02-15 23:00:00,ST03,Suburban,Passenger,41.9433482665597,18.425198461437446,29.829847996701197,0.15409114038206556,0.7856777516478861,2,0.661037032656835,33.931600389647954,1
2025-02-16 00:00:00,ST03,Highway,Bus,60.15060922235896,16.836162608425283,35.92264408946143,0.2090708209577926,0.2861051891277107,2,0.30478899967357986,23.221892063013428,1
2025-02-16 01:00:00,ST05,Highway,Commercial,70.8319915427963,12.362378937967048,44.316090580963824,0.17630173189730558,0.7447860711773598,5,0.481251282371572,55.44006698532928,2
2025-02-16 02:00:00,ST01,Highway,Passenger,87.79869214090829,21.324520991186414,58.085204120134755,0.4531901999323589,0.2434502182598446,1,0.7105106495310913,37.518969889941005,2
2025-02-16 03:00:00,ST05,Highway,Passenger,60.27889302819017,16.294424284223183,46.35743805595023,0.3832045323485158,0.750494233575184,2,0.21056365326257276,38.376470814184685,2
2025-02-16 04:00:00,ST03,Urban,Passenger,82.329401480387,35.75455191742627,34.79964852331878,0.44738503157898823,0.8523708150628542,4,0.7388435092545264,41.43933996737654,1
2025-02-16 05:00:00,ST03,Suburban,Commercial,51.25026742713882,35.774453352348786,21.10437534251731,0.253385133819077,0.3685553138483073,3,0.5480886170930402,34.5997248834202,0
2025-02-16 06:00:00,ST01,Highway,Bus,85.03590740464759,27.58281091500373,40.077823899645786,0.22536534594146806,0.5239090511841511,1,0.0960174402835633,25.75433061185828,0
2025-02-16 07:00:00,ST04,Urban,Passenger,54.15979635455425,40.007503736164445,43.03424172423017,0.2522348779591068,0.6266632183385181,2,0.5572863270001672,32.44290376482003,0
2025-02-16 08:00:00,ST02,Suburban,Bus,48.61268535662607,42.86028735527217,33.34978712396842,0.107419278289763,0.1635773326835957,2,0.0667761382124833,25.148755510135153,0
2025-02-16 09:00:00,ST03,Suburban,Bus,51.12453102244326,31.08949058454229,33.01910799248576,0.3898817100594233,0.4952645745632962,0,0.014307285046622042,22.620962832670962,0
2025-02-16 10:00:00,ST03,Urban,Commercial,50.92378773291132,32.85208232435452,21.32767780166441,0.23990898275803132,0.38846798127059745,3,0.8896276699072845,34.81925742313287,0
2025-02-16 11:00:00,ST04,Urban,Passenger,70.77177276261946,17.729865940386432,53.195184704507156,0.2253295214307167,0.7979645050010465,5,0.48991611160449466,54.20657901653717,2
2025-02-16 12:00:00,ST04,Highway,Bus,90.68785487128876,45.26911403174839,65.75801217149876,0.33925642614821316,0.801343614966661,3,0.5432896550403248,59.01458694963965,1
2025-02-16 13:00:00,ST05,Suburban,Passenger,44.77630461955034,6.089271999013842,29.81743755793335,0.27449996468392657,0.6606236316377895,6,0.2799377716302669,51.98392936417611,2
2025-02-16 14:00:00,ST05,Suburban,Passenger,82.41737910960536,20.687111124928055,44.1470608388631,0.49233734728955947,0.6245795796739986,2,0.5427447194574935,33.299850499643334,2
2025-02-16 15:00:00,ST02,Urban,Commercial,79.26078757917145,37.48101896974352,33.939626354298404,0.24250121715952055,0.6869507674206854,2,0.16886869214973277,27.636053930314382,0
2025-02-16 16:00:00,ST02,Suburban,Passenger,92.35119710976174,8.604027935202256,58.367378334859204,0.3455583368831654,0.3927895208022457,0,0.7456457973845251,27.827594479824825,2
2025-02-16 17:00:00,ST01,Highway,Passenger,54.648853630414436,13.242628734273168,37.591734769912634,0.2246604402438607,0.42361539740050036,4,0.8233491604038856,51.38912387369211,2
2025-02-16 18:00:00,ST05,Suburban,Bus,67.00659152110177,31.517857753828302,29.328526476134464,0.49623799208426267,0.5429637783109643,3,0.8558757799192603,38.24335666072883,2
2025-02-16 19:00:00,ST03,Urban,Commercial,95.54964246661103,30.199715215860106,62.44236630690324,0.27804441388805123,0.850422501891574,5,0.10665271742793003,60.63851175859249,2
2025-02-16 20:00:00,ST05,Urban,Passenger,79.59960700811902,38.25177332589298,40.95769338895887,0.3536515243467212,0.6791998992956501,3,0.5577544003447928,31.395868395954587,0
2025-02-16 21:00:00,ST03,Highway,Bus,63.32610477169581,41.56756875896773,44.689085758329874,0.15068866838107084,0.5407913955969786,1,0.8087509698440328,34.02776610210167,0
2025-02-16 22:00:00,ST04,Highway,Commercial,47.88474297131611,10.786081033025111,29.489643712253276,0.39320968594546324,0.7163304119173717,3,0.1282164882123883,31.86493505706892,2
2025-02-16 23:00:00,ST05,Suburban,Commercial,55.74910047403546,5.827144539885892,25.17711412901052,0.2076840231502488,0.39671224979074005,3,0.09952240817407665,17.992572707253267,1
2025-02-17 00:00:00,ST04,Suburban,Bus,74.87292864936299,36.03373338465077,45.71799267679823,0.2794453011318688,0.6843733609154965,5,0.8169419986700209,59.31018314993376,1
2025-02-17 01:00:00,ST02,Urban,Bus,83.09007685363082,18.562630809486166,46.38875329783451,0.4532532249309832,0.42854099862616024,2,0.7967360388912227,39.544420797096706,2
2025-02-17 02:00:00,ST02,Highway,Bus,47.46531321111361,33.16927612630791,22.410386294038357,0.4882210059540406,0.32372912561198885,6,0.4486931369634679,36.91854061646539,1
2025-02-17 03:00:00,ST01,Highway,Bus,75.97583560264324,11.774506462800112,55.96427836441057,0.26982884073614277,0.587779238017834,6,0.10971116886006482,56.50671193703913,2
2025-02-17 04:00:00,ST05,Highway,Bus,73.02107673032506,26.10680209996833,29.53055436575877,0.4339210671818,0.6495020477201476,5,0.5161231573169517,47.209916810198514,2
2025-02-17 05:00:00,ST04,Suburban,Passenger,70.83732680144249,27.69911357285466,37.17906382185121,0.1213395978199443,0.4674348489436514,2,0.3948032000046662,27.972023460493343,0
2025-02-17 06:00:00,ST03,Highway,Passenger,81.40738706092048,31.328501736794724,32.97308648329043,0.439029611916105,0.5524005850844013,2,0.5185474310440127,31.443655217078035,1
2025-02-17 07:00:00,ST02,Urban,Commercial,90.24697570500771,28.092650734875395,39.56452490954418,0.35180412886105994,0.6552528598847654,4,0.43989520202558263,42.01554892820109,1
2025-02-17 08:00:00,ST02,Urban,Passenger,59.379380990612106,27.306084660292125,30.808308231904356,0.2954824673566408,0.7141680412460076,0,0.5685144133908892,11.118787539324888,0
2025-02-17 09:00:00,ST03,Suburban,Passenger,93.34073140665757,19.973036929273498,39.362577418083205,0.4559854820548991,0.816457183266461,3,0.7271297185132939,45.07176283185129,2
2025-02-17 10:00:00,ST04,Suburban,Passenger,49.63801675711304,8.20311063431388,31.701429248024837,0.4381348890025656,0.38363536501146256,1,0.7748599036508586,32.637992523221136,2
2025-02-17 11:00:00,ST04,Highway,Bus,50.38143218506986,9.028408855857904,21.90308395726948,0.2187780383814288,0.8611818022820749,3,0.6489821982378441,38.1850210359317,2
2025-02-17 12:00:00,ST05,Suburban,Commercial,56.00632381743544,24.520022348321916,38.12268993362023,0.41659535293790306,0.60982384809847,4,0.1989406150463927,41.095812927714036,2
2025-02-17 13:00:00,ST05,Urban,Commercial,47.17185217282467,21.010690751944686,19.862031251095324,0.13979637346494905,0.7301615061591583,3,0.39712302560511914,31.32526152477497,0
2025-02-17 14:00:00,ST01,Highway,Commercial,53.81915348097266,28.2260662103524,22.8044431972239,0.42910557418694806,0.6598152347851507,1,0.07122402873572165,10.0,0
2025-02-17 15:00:00,ST02,Urban,Commercial,46.384705774170676,18.717717616532013,24.218863106425154,0.37018224720930026,0.26445738027872534,2,0.4516737280751715,27.826799452711025,1
2025-02-17 16:00:00,ST05,Highway,Passenger,89.30514501912342,35.9559541154896,67.74943803060856,0.1351465323727771,0.15715070640706266,2,0.9703394127248511,51.98836588857026,0
2025-02-17 17:00:00,ST04,Suburban,Passenger,48.338139513197476,43.87796699042798,31.73675834112325,0.37323206938965414,0.6810291712144962,2,0.6417307075910107,31.900912400020673,0
2025-02-17 18:00:00,ST03,Highway,Bus,84.8378534535914,18.448843495409044,60.069655655312836,0.3322077106705481,0.5088421342356612,1,0.1546125146634969,30.994252972578774,1
2025-02-17 19:00:00,ST04,Highway,Commercial,42.874832074800025,13.684280357256286,19.577541999385865,0.33782004045801795,0.6617706947266597,2,0.2685776597754326,28.087867362293935,1
2025-02-17 20:00:00,ST02,Urban,Passenger,96.91121965083491,10.22812584143401,71.09893309144263,0.21634557405187943,0.48147424313236786,1,0.0645736463025468,32.940328163949545,1
2025-02-17 21:00:00,ST04,Urban,Passenger,82.66960525166597,32.731431825686556,33.3372209496662,0.20659888000513812,0.3497876163332032,2,0.18241389015196596,29.852807626692723,0
2025-02-17 22:00:00,ST01,Highway,Bus,40.40779291516671,24.973519601325624,19.606788089056025,0.4050140448216081,0.3280143274076546,1,0.4878416434777778,15.094269500500733,1
2025-02-17 23:00:00,ST02,Suburban,Bus,85.83139001201283,13.460707273833004,55.484580124817676,0.20272539240689566,0.6844257046959954,4,0.34485638142863273,61.783851527083904,2
2025-02-18 00:00:00,ST03,Suburban,Bus,70.84491524597112,34.39115299813349,38.971686103668674,0.2785049007239595,0.3214240651726198,0,0.20396231730876668,25.002295334890213,0
2025-02-18 01:00:00,ST01,Urban,Passenger,86.76191022010718,11.681743235237798,68.8609635646464,0.3779155994395139,0.6717414967403367,5,0.14659841356285608,60.75397519390813,2
2025-02-18 02:00:00,ST02,Suburban,Passenger,71.34980853343531,29.943531763157864,29.40580319398838,0.13184650053097513,0.4071681010539029,1,0.656071116977206,21.12401550851449,0
2025-02-18 03:00:00,ST03,Urban,Bus,78.46149145812129,28.72167717313691,62.72519723270798,0.33781935304466293,0.7167187234550421,4,0.5581023768728511,61.39376877260587,2
2025-02-18 04:00:00,ST01,Suburban,Commercial,87.17989932370243,38.04025105337375,56.61908440320428,0.33575054905924695,0.2142479406261357,3,0.8426403122148679,35.4127661811133,0
2025-02-18 05:00:00,ST01,Highway,Bus,64.3064832752714,7.479933797330004,40.09398611161698,0.37369148435521027,0.26398395456347645,1,0.18325288572775345,28.80037245420751,2
2025-02-18 06:00:00,ST02,Urban,Bus,40.16248898922713,44.954281933309865,17.021062723369905,0.24797123812226346,0.6487292845761308,4,0.8479854599282461,39.54228369537878,0
2025-02-18 07:00:00,ST05,Urban,Bus,90.99678975671131,36.634627676606875,46.34753603244617,0.27959190962553593,0.5481848961586101,3,0.5779111725598561,46.211564391272596,1
2025-02-18 08:00:00,ST01,Highway,Bus,62.85342175747975,14.7256699256943,48.38865427523058,0.23198772557787747,0.2631026740972794,1,0.2662231939797156,36.04579285499614,1
2025-02-18 09:00:00,ST01,Urban,Passenger,69.76256356099498,13.253240687438286,37.790269149885226,0.4232672988755103,0.8222616093814573,2,0.2735531405685112,28.80580365877315,2
2025-02-18 10:00:00,ST03,Suburban,Commercial,40.46599852923812,24.424709636470254,26.89618238648464,0.152244304014453,0.320755317930117,1,0.3903803901438524,25.098464297767514,0
2025-02-18 11:00:00,ST04,Suburban,Bus,69.52552062100588,41.79043982950686,55.60640989706514,0.485181581430132,0.43685711855490705,3,0.46012721666679424,44.054514363822236,1
2025-02-18 12:00:00,ST02,Urban,Commercial,99.18924409430377,42.93274969125982,50.113172061423015,0.353934462391687,0.2618303534980304,3,0.08250508473688267,36.72972246473612,0
2025-02-18 13:00:00,ST02,Suburban,Commercial,56.69605964912618,28.420524146272236,35.74303021138119,0.4547626897568704,0.41042209467321145,2,0.8419991656663279,31.129775442997058,1
2025-02-18 14:00:00,ST05,Urban,Commercial,63.72509621454269,43.73648882090318,43.24226462477399,0.27049258330590575,0.49331740008917935,4,0.12154106932419406,41.57664466630712,0
2025-02-18 15:00:00,ST05,Highway,Bus,81.2313997881206,5.244966913626076,37.84172058795734,0.23291162815679867,0.33619764361033533,4,0.48345984302988165,49.31157879628303,2
2025-02-18 16:00:00,ST02,Urban,Passenger,88.88762005141952,6.582858418921847,40.84110816212649,0.46029032404959336,0.7152749385571867,1,0.38296823319092177,37.825617050240965,2
2025-02-18 17:00:00,ST05,Highway,Bus,65.04349744036602,46.03197171365343,37.889343969729275,0.13954921155052114,0.4151463829169977,2,0.5122870843119428,32.71544344269693,0
2025-02-18 18:00:00,ST03,Suburban,Commercial,58.58013222407755,39.88993684486622,32.472432304976614,0.14684289260211114,0.6836079999670137,3,0.887482517068172,36.8862017643455,0
2025-02-18 19:00:00,ST02,Highway,Commercial,96.26954799910402,25.281772621267354,66.01069811173609,0.21973871059387096,0.2656577403121947,3,0.9890883398561062,64.54339097990103,2
2025-02-18 20:00:00,ST05,Suburban,Passenger,80.62869800030015,38.91245591650942,34.493239896720034,0.48390999270652746,0.40162839743454304,3,0.02027137268275836,34.61647098842217,1
2025-02-18 21:00:00,ST02,Urban,Bus,47.14127826958847,48.003775777553976,37.18818224150186,0.3532274439460429,0.10644663111642814,2,0.39323943172519416,32.6717860186825,0
2025-02-18 22:00:00,ST04,Suburban,Commercial,44.13567268807892,39.744028574657825,17.906318751495405,0.32167747864615925,0.7069100671309694,1,0.8176105309172436,16.600355165997456,0
2025-02-18 23:00:00,ST01,Urban,Passenger,69.01299104742215,42.90671002182449,44.204665464798914,0.3821425345421683,0.6007093154643873,2,0.32660288026197704,42.52686986360382,1
2025-02-19 00:00:00,ST02,Urban,Commercial,53.20540396283634,39.22729616255278,33.256199403447994,0.26698982243126645,0.754258659936365,5,0.6490361759185217,48.58688560427686,1
2025-02-19 01:00:00,ST01,Highway,Passenger,55.23908520257521,12.569499159509371,25.072263575286076,0.4032294005683197,0.4644886304821706,6,0.9922592037664605,52.45952281051282,2
2025-02-19 02:00:00,ST05,Highway,Passenger,92.66153072967089,42.51083493405815,42.658254679791646,0.25729227918915104,0.7397925149702713,2,0.6467712888159438,40.50521649880787,0
2025-02-19 03:00:00,ST01,Highway,Bus,45.37396145897864,13.779896901089451,32.53635169582882,0.4305452739425858,0.6180660354167827,4,0.11119137762326892,37.48958089153749,2
2025-02-19 04:00:00,ST02,Highway,Commercial,82.92184691373338,45.167509761986615,62.608066086642694,0.20691803283060184,0.10289034602739094,4,0.8429319569539856,67.10653583842978,1
2025-02-19 05:00:00,ST04,Suburban,Bus,56.26853520283528,25.639245413648418,28.877394124266324,0.21101866371920971,0.30295543607080955,1,0.9666574372925296,34.164276347065396,0
2025-02-19 06:00:00,ST05,Suburban,Commercial,85.61969328424826,35.46395385399629,49.247213419310775,0.30895332217069404,0.49511308176499846,5,0.7125084212988676,53.94203816864947,1
2025-02-19 07:00:00,ST02,Suburban,Bus,83.34468306781267,27.37583815462896,45.17265290151977,0.27230446334469405,0.594949879769577,4,0.41906809984307025,47.21151211038971,1
2025-02-19 08:00:00,ST05,Urban,Commercial,40.44351408665758,9.229591823747091,17.35102809133127,0.35924633771387815,0.15247269173170974,0,0.9484001753454244,15.232417494933891,1
2025-02-19 09:00:00,ST03,Suburban,Bus,70.54812477529595,18.08250384292993,47.21656876899132,0.2457163018694316,0.6640639425470334,3,0.9685720150491983,57.74082511970073,2
2025-02-19 10:00:00,ST01,Suburban,Passenger,48.359168942682786,49.26793342986527,35.30592539490375,0.19222025962814673,0.5348288781178079,6,0.9351167434991574,53.38973648869754,0
2025-02-19 11:00:00,ST03,Suburban,Commercial,91.9736218347206,48.23216382514178,48.00579222265284,0.28792342515316044,0.5206234454546286,0,0.4118190023100806,27.525944775275697,0
2025-02-19 12:00:00,ST02,Highway,Commercial,92.29515297174439,19.421910394499626,73.47343172552398,0.32438259979885853,0.3336364464783321,4,0.7897076739688469,66.45342582289109,2
2025-02-19 13:00:00,ST04,Suburban,Passenger,65.10074844962548,49.833356191035165,28.015496639910573,0.15704002153187618,0.5758584795924615,1,0.65417935903406,28.078139150826903,0
2025-02-19 14:00:00,ST05,Urban,Bus,66.66373710706483,43.04980379736048,44.31247170907714,0.3226874502932662,0.12199431170541973,3,0.1797066658855868,42.32619819517126,0
2025-02-19 15:00:00,ST01,Highway,Commercial,58.19697636427163,32.49317747445146,33.71299661258033,0.22770268209915875,0.1517602644031908,2,0.535514901677154,36.21648009469515,0
2025-02-19 16:00:00,ST05,Urban,Commercial,82.99637793760186,6.805607911745427,48.025087243800556,0.25698075394740316,0.6870960697702733,0,0.747691009128637,34.9537539935818,2
2025-02-19 17:00:00,ST02,Suburban,Bus,61.51968178158755,45.565107329227075,35.86955777948383,0.2117272516253125,0.35751307402717114,5,0.8959122759653094,49.72903317600008,0
2025-02-19 18:00:00,ST05,Highway,Passenger,56.06754847135802,30.084317566894388,28.228480545050598,0.47256413111722395,0.37757366049958707,2,0.8625983704065535,30.008428384858423,1
2025-02-19 19:00:00,ST01,Urban,Bus,65.93386357027049,44.08142680412463,45.245474161420375,0.3733345125120856,0.2667081626051615,4,0.1546585001854821,44.36047144688206,1
2025-02-19 20:00:00,ST02,Suburban,Bus,45.489251103247526,42.549310395758404,31.32529075541534,0.20498412456027337,0.4564965536799458,2,0.48803324648521085,27.784484480337476,0
2025-02-19 21:00:00,ST05,Urban,Bus,84.79619227865223,42.48527968404888,43.49695677044867,0.35801253382078013,0.14159474512904024,4,0.47826862946078497,43.24257398274009,1
2025-02-19 22:00:00,ST04,Urban,Commercial,40.755784076307215,36.41782373217073,29.91974153303943,0.4394289638328185,0.34029057885689096,3,0.8987370618979222,36.83754776295418,1
2025-02-19 23:00:00,ST02,Urban,Passenger,78.66910369123563,18.11368124042219,41.43800456692287,0.26065208333310746,0.521699137422158,4,0.0019373091368668494,51.24904884615263,2
2025-02-20 00:00:00,ST02,Suburban,Passenger,50.97187160529234,20.127211598503393,35.17249008920588,0.4319830036624729,0.4725055372473096,1,0.7387135376269276,37.69249439779475,2
2025-02-20 01:00:00,ST04,Suburban,Bus,53.94424277286479,18.881114566220887,24.18859344279836,0.16176597773599696,0.899735714498427,0,0.6186415165462653,17.08481195052452,0
2025-02-20 02:00:00,ST03,Urban,Commercial,78.13791991840239,5.902069978965411,36.527966149561756,0.4291125459464672,0.41101172169352806,8,0.9215714731765662,57.14713070879854,2
2025-02-20 03:00:00,ST01,Highway,Bus,99.57660794697443,31.215600914666503,52.408986812613875,0.31611769706894655,0.4095992474034471,3,0.45691735033173797,42.82221021755928,1
2025-02-20 04:00:00,ST03,Highway,Commercial,86.66304934435304,36.447515170071476,55.251984390427914,0.18918979520399284,0.5028654219315682,3,0.6576722498755007,53.6028196830958,1
2025-02-20 05:00:00,ST05,Suburban,Commercial,53.55037793340352,43.42396970863416,35.24710477645624,0.2628565538223646,0.25224248821698386,4,0.9727470304215423,39.52334220670662,0
2025-02-20 06:00:00,ST04,Suburban,Commercial,50.56148530246803,11.307444502222866,28.240736826377603,0.4951971969786467,0.8010435383673263,2,0.7439037629159088,34.57862087922354,2
2025-02-20 07:00:00,ST03,Suburban,Commercial,91.97397221606022,29.488241703956078,39.65325932862732,0.4134224066569705,0.5578142310915588,2,0.06738397412976738,33.19903730131469,1
2025-02-20 08:00:00,ST02,Suburban,Passenger,66.65103687529026,5.360366330320229,36.621669539923474,0.3300345445540461,0.25368611135953795,3,0.16753355097267453,35.07279382645386,2
2025-02-20 09:00:00,ST05,Suburban,Commercial,48.22316816968933,9.279214146982827,32.57508796864267,0.14606556476181023,0.7347532730977059,1,0.821451102959748,29.314036227482795,1
2025-02-20 10:00:00,ST05,Highway,Commercial,91.7326853993163,7.439528489269688,61.3139603758211,0.2671246331606001,0.12746573691428262,3,0.33479554097365893,44.482052432260346,2
2025-02-20 11:00:00,ST03,Suburban,Bus,88.96554117485569,37.64651153069691,41.28700070797948,0.20522060560477492,0.8860513604683419,5,0.7059181105982749,56.18680107545312,1
2025-02-20 12:00:00,ST03,Urban,Bus,99.03438183382981,8.647680374492142,39.92210500705196,0.1284004318021561,0.7921194678170971,4,0.699823733343828,48.50885650569655,2
2025-02-20 13:00:00,ST04,Urban,Passenger,94.58462120276104,37.24038417014555,66.32204089894266,0.316881755487726,0.5637115644272159,8,0.9937005233882049,80.69488521805059,2
2025-02-20 14:00:00,ST01,Highway,Bus,91.1074203196325,16.23311169847625,40.3193398252486,0.45567427993635046,0.1890365302056532,4,0.4698727236363408,40.933332506064254,2
2025-02-20 15:00:00,ST03,Urban,Commercial,43.15446386866019,44.497083231362275,18.683278810592817,0.37023994726965004,0.2722182186317371,3,0.7378323605059232,25.75283986964827,0
2025-02-20 16:00:00,ST03,Highway,Bus,46.26492216988708,41.59174947637164,18.555957502593458,0.19987215519220447,0.32354813625085055,1,0.048752877286102336,16.62311235090672,0
2025-02-20 17:00:00,ST02,Highway,Passenger,74.13899165824736,48.102359786387446,42.4846471018859,0.32943384278151566,0.2928253903228888,2,0.46259102069308855,34.85701517245878,0
2025-02-20 18:00:00,ST05,Urban,Bus,71.88875477690925,44.76929069561144,43.22710797473547,0.47729371333878756,0.4980160083627566,5,0.18668154481713095,47.532887808535655,1
2025-02-20 19:00:00,ST01,Suburban,Bus,67.47779286937212,46.99982386023563,44.20238211825299,0.3891660211691742,0.8556482962137183,2,0.8405715517131769,32.701000683643784,0
2025-02-20 20:00:00,ST02,Urban,Passenger,63.807359524875054,43.64340784309885,33.07936458061535,0.37578955976270556,0.45533806781424846,6,0.839908332016071,49.46289101979109,1
2025-02-20 21:00:00,ST04,Urban,Passenger,65.87262909185974,36.20218552766849,45.0680691728383,0.4872632664910065,0.6292516545387243,3,0.2363644207056953,33.87797705727033,1
2025-02-20 22:00:00,ST04,Highway,Commercial,74.15787604808772,12.661661845644618,34.68606677626566,0.41954932447360993,0.6508665647830585,5,0.3182851531164682,49.369637295555385,2
2025-02-20 23:00:00,ST03,Urban,Bus,40.124591056004874,17.226838348434182,29.403140679888537,0.15464941723950087,0.7972645802035861,2,0.7024777844603521,32.58484783825694,1
2025-02-21 00:00:00,ST03,Highway,Commercial,55.642526447971136,14.572713475862288,34.98464488499434,0.23905403479048057,0.12705703005721541,2,0.738265923412267,33.46006131166515,1
2025-02-21 01:00:00,ST04,Suburban,Bus,71.09678324132267,32.16136044461925,45.04378858016776,0.4860562802950744,0.4234640474780338,5,0.6576316021143738,59.62601483867276,2
2025-02-21 02:00:00,ST03,Suburban,Bus,83.33296592041877,27.662897208812062,40.32566933112598,0.2958821576791991,0.7277880912688794,5,0.9966946375261613,59.9504112220567,2
2025-02-21 03:00:00,ST01,Suburban,Commercial,50.44940154372378,44.018599872129066,21.67525743803289,0.14465497812847417,0.751893611972357,4,0.868683211985112,45.05163922833047,0
2025-02-21 04:00:00,ST03,Urban,Bus,72.81287042724597,47.8702789924584,42.66032691931452,0.2834419518689367,0.841866092139209,4,0.4170588807525225,44.29053211721315,0
2025-02-21 05:00:00,ST05,Highway,Bus,82.8675810331469,23.218695032816495,53.552741737618696,0.37879729362832026,0.6622354878544019,0,0.3269767215418836,22.974294029791196,1
2025-02-21 06:00:00,ST03,Suburban,Bus,66.67765947483429,27.785774897636557,29.20605395190683,0.49901928867249645,0.2961231568837948,3,0.5968497479960805,44.10401985173391,2
2025-02-21 07:00:00,ST02,Highway,Passenger,41.62486802020306,48.718236056186264,32.47629602843642,0.22956212662528075,0.5045325944675025,4,0.8176363358335038,47.03555532008322,0
2025-02-21 08:00:00,ST01,Highway,Commercial,66.9560895079382,17.430752373041457,53.0403204666216,0.3056347499517095,0.12587623033511808,4,0.47534347373655284,53.99826108606435,2
2025-02-21 09:00:00,ST02,Suburban,Passenger,57.78669326464919,40.65758489114661,35.722732804177724,0.45187228185991757,0.6175426728785974,4,0.7376926068316395,48.61763788437887,1
2025-02-21 10:00:00,ST02,Suburban,Commercial,95.7789764620797,15.135795605086082,74.71025108894368,0.24210688722293341,0.5434361692070054,4,0.019160039506042392,71.36421866923389,2
2025-02-21 11:00:00,ST05,Highway,Commercial,47.476803140699644,35.66570519413724,22.398515743944753,0.1437046226363429,0.6334690246090344,0,0.9258401082981041,19.955456316087922,0
2025-02-21 12:00:00,ST01,Suburban,Bus,79.14855733043393,16.412703243735386,32.46422715549779,0.47957435000060167,0.8441124427100765,6,0.7738347275154525,61.15287497438355,2
2025-02-21 13:00:00,ST01,Highway,Commercial,43.16318598007007,44.76800249741241,17.94569083247892,0.29537632268540004,0.6498212893763452,4,0.3941900867641329,28.65167379418522,0
2025-02-21 14:00:00,ST01,Highway,Passenger,66.77022626876179,30.266507468150458,42.39942698232364,0.3011134843087887,0.356359944299809,1,0.3840123255192921,34.11599795978723,1
2025-02-21 15:00:00,ST01,Suburban,Passenger,73.23876923320483,13.367013839347306,31.101337963733787,0.3484800578416729,0.25898933109612543,2,0.10288680774850534,35.49674657189773,2
2025-02-21 16:00:00,ST01,Urban,Passenger,57.877295879011925,15.09661290643187,45.34212943147866,0.10141464948128985,0.7837089654549239,2,0.8161537238825284,40.59779121903544,1
2025-02-21 17:00:00,ST05,Suburban,Commercial,67.30453813122307,27.22321380686451,30.742914930746373,0.47245247022753967,0.25546571461900847,1,0.7686295092571844,18.46312121248077,1
2025-02-21 18:00:00,ST03,Urban,Passenger,49.81322767181124,48.27209115086955,25.996981674608577,0.24458043390981668,0.22928766447629112,3,0.6302497075356163,37.13605105548248,0
2025-02-21 19:00:00,ST02,Highway,Commercial,58.24743096808217,39.63389737476445,42.46279194399986,0.2587727449537395,0.26528966454478065,5,0.10145647214403453,46.1614200779251,0
2025-02-21 20:00:00,ST01,Highway,Passenger,77.26637949461218,26.97393392716303,37.66706092413885,0.169643699013294,0.5070726785044054,3,0.2623413656370708,40.67823782673084,1
2025-02-21 21:00:00,ST03,Urban,Passenger,58.10800335166931,20.197361505299767,28.89056613995897,0.25126064531698444,0.1993499545275655,5,0.4589144732646183,41.702372663705226,1
2025-02-21 22:00:00,ST03,Highway,Commercial,93.9845847045323,29.71708220067992,61.74069006662117,0.4215774123104209,0.8504946644773618,0,0.26597194376422595,45.46797261566533,2
2025-02-21 23:00:00,ST02,Urban,Passenger,77.70441745845937,38.67623750428788,39.66301045316087,0.419996669022214,0.8730029657920717,6,0.4339739231529036,54.7034036158462,2
2025-02-22 00:00:00,ST05,Urban,Bus,66.31894110615907,40.276786480376,32.29593517583575,0.4743187363581811,0.8790414826263991,2,0.22595754063765228,32.36293387653476,1
2025-02-22 01:00:00,ST04,Highway,Commercial,42.32541613325095,19.60739591436251,21.233437465214593,0.2612917890723183,0.13129984385577587,4,0.3496005038060167,29.114271411682182,1
2025-02-22 02:00:00,ST04,Urban,Commercial,69.97290011228027,37.45216706962447,41.72197142959563,0.38348860149943376,0.8569580211840254,3,0.6522968835966276,36.50861179457428,1
2025-02-22 03:00:00,ST03,Suburban,Commercial,85.88657452750536,34.600495101628375,67.5446332991485,0.3028950220830229,0.8979319460939402,1,0.8923610807796951,41.211547919130155,1
2025-02-22 04:00:00,ST02,Suburban,Bus,55.933455880744816,48.160053139833224,40.993360026936664,0.42160911580765237,0.8539432874763897,2,0.38503068123282524,27.89623891265545,0
2025-02-22 05:00:00,ST04,Highway,Commercial,88.40641417892604,46.89906307286067,45.427114842882716,0.3850168036531988,0.6367511246101649,4,0.6919082311607575,53.02495873137739,1
2025-02-22 06:00:00,ST03,Highway,Passenger,55.10840596305289,40.522069652160965,30.053329701225252,0.24716117011451028,0.6609841219268007,4,0.1347930863825203,33.35953409905297,0
2025-02-22 07:00:00,ST05,Urban,Passenger,89.42478327704802,37.552760998471776,52.385476243163595,0.234669533701477,0.19780235189875814,4,0.5408179778557615,45.25077334084215,0
2025-02-22 08:00:00,ST04,Urban,Passenger,45.116100496700646,17.33187153669241,35.71263553228755,0.20097698521118704,0.79943766165997,7,0.9217042255545136,58.58990440650562,2
2025-02-22 09:00:00,ST03,Urban,Commercial,91.97102253214177,43.068436524434,43.130380071908945,0.3306063161954551,0.14771166770301722,6,0.027935804457383417,55.36274329008433,1
2025-02-22 10:00:00,ST03,Urban,Passenger,69.95118705599982,24.237756667101475,37.98302179908795,0.48553714063754383,0.35418443729411186,1,0.26755736172680855,30.060519629043934,2
2025-02-22 11:00:00,ST01,Suburban,Commercial,57.792255377215724,17.250824412772012,39.9789737917879,0.1800266950470264,0.8929213161185496,6,0.13249353368014427,56.29893149045698,2
2025-02-22 12:00:00,ST05,Suburban,Passenger,55.90679502490893,22.287234107905814,43.91911991689121,0.1381009819617301,0.4378623032823963,2,0.5331214794964148,35.88313536450688,0
2025-02-22 13:00:00,ST01,Highway,Bus,65.92063353582176,42.617097050742856,30.473136874825666,0.14776025683052546,0.20492497917220698,4,0.6796424640713253,52.01859897816204,0
2025-02-22 14:00:00,ST02,Urban,Bus,99.94296988621869,11.688494701004824,49.067199120397596,0.41323947050006005,0.8754357296392641,6,0.05777919206310933,60.52145832801448,2
2025-02-22 15:00:00,ST01,Urban,Bus,53.219643606254955,25.52714335039201,26.092413496457365,0.2400419217138255,0.8873117176333889,2,0.07028442064055129,17.87826488072331,0
2025-02-22 16:00:00,ST01,Highway,Bus,46.192998932739975,27.156091753827035,18.863964859490967,0.1897467310769519,0.24963414819097152,1,0.8696291927489054,27.188970043372937,0
2025-02-22 17:00:00,ST04,Urban,Commercial,75.10211012311972,6.648336391946873,48.188987327014516,0.24113764734940002,0.7918430469921367,4,0.4562331485675083,48.75236751135119,2
2025-02-22 18:00:00,ST03,Urban,Passenger,69.31254798641542,13.80857132966744,46.320274799115616,0.3581323251318087,0.4123386609551134,3,0.46295159963864785,41.964281696590824,2
2025-02-22 19:00:00,ST05,Urban,Bus,71.45177626379844,42.20340928591354,45.80132854326962,0.3187148499313135,0.40509477158937157,2,0.9445803949581169,42.39568308302586,0
2025-02-22 20:00:00,ST01,Urban,Commercial,80.01612505343303,42.38453248676423,34.289245717389385,0.39743576260849045,0.3101581055175213,2,0.3202096102649318,27.016930755,0
2025-02-22 21:00:00,ST05,Urban,Bus,56.02864419223896,18.15867877479116,23.963005710009966,0.23562965939271052,0.13576821964391722,6,0.8970236470327904,55.996722717459576,2
2025-02-22 22:00:00,ST01,Highway,Bus,94.63989972303331,44.37037555690668,45.820344857372675,0.28081142938587417,0.3144071869481788,3,0.9742547445762636,44.761554785131466,0
2025-02-22 23:00:00,ST02,Urban,Commercial,66.14032396733742,39.73023225807565,34.13619891264199,0.14078734758516942,0.14302152426644163,4,0.24169419765043032,36.68422088415341,0
2025-02-23 00:00:00,ST01,Highway,Commercial,47.74517170854771,23.805836770793423,34.11953344649672,0.12922345841311259,0.8394976370879708,3,0.514038849212543,41.00112299187229,1
2025-02-23 01:00:00,ST04,Urban,Passenger,84.53792540403666,38.6782854982267,39.204979120019416,0.2849020971376402,0.6293765379141828,4,0.5343561529002584,55.79843272702058,1
2025-02-23 02:00:00,ST03,Suburban,Passenger,78.58626115707102,48.26005840376628,32.82052143595263,0.22063864297836944,0.8092981200131132,5,0.8661681117920639,47.58731813503744,0
2025-02-23 03:00:00,ST02,Suburban,Bus,58.94460414904223,25.653637312940695,32.8672167323424,0.34512022885445237,0.6738325451764565,2,0.30390813638182157,23.240064328906424,1
2025-02-23 04:00:00,ST01,Suburban,Bus,77.2911234420429,15.729223052906764,43.78981682591289,0.11720086617782877,0.2050294968661114,3,0.7980424433534148,50.5745554360121,1
2025-02-23 05:00:00,ST05,Suburban,Passenger,53.19171738213861,47.38174250225701,30.870501232247147,0.1487065510398262,0.8524652293882383,2,0.9710073912780117,36.12053620229916,0
2025-02-23 06:00:00,ST02,Highway,Passenger,66.69036156043177,32.16849298534654,48.73474315487709,0.44607632444255807,0.8199144429062136,3,0.8403366527442993,50.28248922443436,2
2025-02-23 07:00:00,ST02,Highway,Commercial,93.96475133003952,9.736932311619137,41.26952230695397,0.32652464860764185,0.37846086232082854,3,0.9091402834567175,44.89780452792641,2
2025-02-23 08:00:00,ST01,Urban,Passenger,48.01205398964497,30.770726713551024,32.72390370258853,0.3848218134764909,0.1892266722813412,3,0.7083544391429696,41.41346997601009,1
2025-02-23 09:00:00,ST02,Suburban,Passenger,63.201786999247716,27.52614002517344,33.824220399116534,0.43678884748291835,0.6633238006310991,2,0.9039557602771736,37.77110345800858,1
2025-02-23 10:00:00,ST05,Highway,Bus,89.26854548322083,43.50150023340035,46.77600855660224,0.2855337371800209,0.682689042189378,4,0.16485063535232736,42.41920541930206,0
2025-02-23 11:00:00,ST02,Urban,Passenger,98.16945396437069,28.88128353935846,75.88668138018345,0.40442415358699046,0.8174632358725658,2,0.712361415041626,58.586343075041604,2
2025-02-23 12:00:00,ST05,Urban,Bus,67.23556818530776,16.485459545492755,33.57659624025297,0.3098342316294097,0.14212460756086395,5,0.7318773549714761,51.60757457374037,2
2025-02-23 13:00:00,ST01,Highway,Passenger,70.41997720860084,35.403982873919986,46.2668217635998,0.18909950810948156,0.2133630704218975,3,0.43918094649942063,40.669222210479724,0
2025-02-23 14:00:00,ST03,Suburban,Commercial,74.33031770702618,29.415895364101107,37.91226052912509,0.23506246752037582,0.5785990343033459,1,0.07973846735791212,23.888421828154627,0
2025-02-23 15:00:00,ST02,Urban,Passenger,95.94088849802264,15.48700827200926,57.83868927795125,0.2961401764222643,0.595305240696066,3,0.6224437462608272,46.21435742866764,2
2025-02-23 16:00:00,ST03,Suburban,Passenger,91.49240745862178,30.813253607430852,65.37289486794351,0.2267542208689083,0.12688772985200503,1,0.051880806570480664,40.514696838873675,1
2025-02-23 17:00:00,ST05,Suburban,Passenger,50.23606747729866,41.969101005035874,37.81213586596623,0.23421107653995935,0.41754564084932677,3,0.38240249615654953,40.09422866919562,0
2025-02-23 18:00:00,ST02,Suburban,Bus,66.2054690708245,6.2856912975804695,48.69272530918574,0.23495713249950656,0.5673293850208393,2,0.39367022897575166,38.08934237976686,2
2025-02-23 19:00:00,ST04,Urban,Commercial,67.84002569178557,33.388296739030025,42.934072715640234,0.14913599154284168,0.690329066521387,2,0.9989225084633329,35.76262544244457,0
2025-02-23 20:00:00,ST03,Suburban,Passenger,87.3457666989254,20.73133381029764,43.6315274117376,0.13385704288490055,0.3529205534226628,4,0.2998020337291105,34.70114347144384,0
2025-02-23 21:00:00,ST02,Urban,Bus,76.17357295632613,18.170215059174087,50.61683292695289,0.11859841587652174,0.4871227944174732,0,0.8204539379236886,32.3559933804174,0
2025-02-23 22:00:00,ST03,Suburban,Commercial,79.25322772174079,22.666448766250006,54.20619759028995,0.1443825044137347,0.7512438978496074,1,0.053171685218353804,33.817892003243905,0
2025-02-23 23:00:00,ST02,Urban,Bus,99.89199445993705,20.391019891159175,40.384015470848254,0.2374828368542472,0.8631160511181925,6,0.5297659853858404,58.713053471507834,2
2025-02-24 00:00:00,ST01,Suburban,Bus,44.497602608200786,42.45075980187987,25.61656695399687,0.33754872231322286,0.2842517403118764,3,0.5366916785560121,38.83923418049254,0
2025-02-24 01:00:00,ST03,Highway,Commercial,53.38058941202398,17.365901484555526,39.35776571465487,0.1752587708837636,0.302433764655917,2,0.6287498531944623,34.18083338829951,1
2025-02-24 02:00:00,ST04,Suburban,Passenger,64.47375624229281,37.99188603979634,38.41572303268685,0.4552035384010552,0.8518545499471004,3,0.8100052033899383,34.39749836554278,1
2025-02-24 03:00:00,ST04,Suburban,Bus,60.86694418293323,9.232691910286492,31.9277663364097,0.42335297249577974,0.4167289206101469,2,0.761923381723148,31.014733863689187,2
2025-02-24 04:00:00,ST05,Urban,Bus,41.29873368081901,47.8128367617987,30.92115105995928,0.3082108451236655,0.6746786596165941,4,0.7610081283323745,53.98698830763264,0
2025-02-24 05:00:00,ST02,Urban,Passenger,45.50665638827055,33.00424867618483,21.040106291329344,0.38968393232534393,0.589812182983901,0,0.43229393432428687,23.064158773846795,0
2025-02-24 06:00:00,ST03,Suburban,Passenger,80.85719748421457,36.802335967005206,39.01991216454635,0.2465314098795034,0.3284701438352451,1,0.7274714824665264,33.92511945317664,0
2025-02-24 07:00:00,ST05,Highway,Commercial,92.75946780175363,18.411769944250295,62.607905096152436,0.11471111709323596,0.6228497775664199,5,0.4913157177491215,59.0590686869673,2
2025-02-24 08:00:00,ST03,Highway,Commercial,70.85362067595865,23.54434559186516,38.32999327578278,0.46173313901301594,0.6244527207655787,2,0.0669511783450022,29.37811285055947,1
2025-02-24 09:00:00,ST02,Urban,Commercial,72.35146477081798,15.070027382193931,49.57571089696424,0.15111739530312882,0.573954548327261,6,0.890181782611727,72.2631701553423,2
2025-02-24 10:00:00,ST04,Highway,Passenger,55.30560596994276,46.96412386110008,25.611000122941324,0.47917493855186055,0.17972865987961031,4,0.8901633061387604,42.75708794914326,1
2025-02-24 11:00:00,ST01,Suburban,Bus,86.07258181802268,26.964700119561996,43.11441346913983,0.32875303530644406,0.8961374578992302,3,0.3228787646551393,37.883467799874545,1
2025-02-24 12:00:00,ST04,Urban,Bus,85.10767524203538,33.37016520460955,39.3758277789295,0.22222522440857198,0.42033316893666195,4,0.9139026192809402,55.45818857481224,1
2025-02-24 13:00:00,ST05,Suburban,Commercial,75.30194135305939,38.04224137388219,58.823175159897694,0.2982098493247379,0.6106007883175911,1,0.7579840385050814,32.2530523094589,0
2025-02-24 14:00:00,ST01,Urban,Passenger,52.75985719068057,21.699774099479253,29.659564907884633,0.30065192356923764,0.8086093552900955,6,0.40080123086202313,43.81498812248787,2
2025-02-24 15:00:00,ST05,Urban,Bus,45.82109309422537,37.40457445426136,24.509151191779253,0.10931483177703277,0.4386307907358691,5,0.3315055984252535,36.544873483645716,0
2025-02-24 16:00:00,ST02,Urban,Commercial,43.85431455142756,35.41966203903531,17.79085615017951,0.24218394075365546,0.7191400454444389,5,0.975142699386101,48.65498511583457,1
2025-02-24 17:00:00,ST01,Urban,Bus,75.56176399857267,36.754670024327595,34.86170677090018,0.395946319817167,0.8774595397435249,4,0.7126269631113109,41.75321891915315,1
2025-02-24 18:00:00,ST05,Highway,Bus,89.502119148568,27.01534550920758,50.87786829268737,0.3040276755802832,0.38714780820243866,2,0.37880995477120016,30.361893310861507,1
2025-02-24 19:00:00,ST02,Suburban,Passenger,91.49982590685549,22.23218220312277,39.1071278005269,0.19769204680383368,0.4242156561861894,6,0.6419838879808051,52.51248829008891,1
2025-02-24 20:00:00,ST04,Suburban,Passenger,67.81732446060698,14.993698469404542,40.98171971380919,0.2340439440147776,0.824460847197255,4,0.5715261990373689,43.85134400873706,2
2025-02-24 21:00:00,ST02,Suburban,Bus,87.05627795840302,42.10818587604018,50.667291377891445,0.4452217572463797,0.2277142942521464,2,0.5245400227039607,40.241574119135876,1
2025-02-24 22:00:00,ST03,Urban,Commercial,96.81281178046142,32.37575209392554,68.43380662223431,0.31021986806009183,0.12287587068755386,6,0.6447018988118438,71.30508650797226,2
2025-02-24 23:00:00,ST02,Highway,Passenger,56.51020674928408,24.995848824387274,37.51831752766085,0.3113408490204944,0.8271112038792895,2,0.5376263221803619,38.973790264167825,1
2025-02-25 00:00:00,ST02,Suburban,Bus,63.877620782845426,47.479815801977516,36.94546945649794,0.4845869836204041,0.7572732592940643,4,0.6547903536863806,43.46047395137599,1
2025-02-25 01:00:00,ST03,Highway,Passenger,95.88873955580084,7.152746562816747,46.972468366639966,0.22835255961465736,0.8780664260410657,5,0.907568562223639,54.648138064734624,2
2025-02-25 02:00:00,ST05,Urban,Passenger,60.29385803903709,43.25773753422714,41.64770668090519,0.29181645004249135,0.14659022616854261,1,0.9932649681452719,35.989986176902136,0
2025-02-25 03:00:00,ST05,Suburban,Passenger,94.83257741930777,49.89121668256876,64.78438605892904,0.42468543908833356,0.22494186435278982,2,0.7092868733480133,50.69830637735414,1
2025-02-25 04:00:00,ST02,Highway,Bus,98.86269173526794,44.91239498972903,45.607185118600334,0.4035648995548119,0.1842500472718471,0,0.9278208017504327,29.07515118971574,0
2025-02-25 05:00:00,ST03,Urban,Commercial,79.70864371446548,41.46964635270314,61.04890861308308,0.20631976877146904,0.6467329058349673,4,0.8584102538829541,50.59347978971034,0
2025-02-25 06:00:00,ST03,Highway,Commercial,89.0134173702501,21.843769703284607,37.898534737150605,0.16043641904215433,0.5848080589977146,0,0.29503739798127915,19.450146331442284,0
2025-02-25 07:00:00,ST04,Suburban,Commercial,84.97273385326511,15.409138201803207,35.85977537715975,0.38028183047494735,0.38746815950980773,2,0.9329079830430356,41.296146469156646,2
2025-02-25 08:00:00,ST05,Suburban,Passenger,81.97205545693143,38.06827342248205,38.93182171337406,0.20306247072287792,0.145938783521796,1,0.07080900005262147,24.779926273363778,0
2025-02-25 09:00:00,ST01,Urban,Bus,58.415864378873955,18.705891482985578,44.61712120623738,0.46907033140969645,0.6117295872372328,4,0.32992182104354484,51.82703386160644,2
2025-02-25 10:00:00,ST05,Urban,Passenger,43.42566027447662,12.92178569697368,26.40276886090766,0.15169907759569046,0.5560963880920453,0,0.6399449351048,22.11360749629388,0
2025-02-25 11:00:00,ST05,Urban,Commercial,60.58310395117904,40.39366491966161,43.32760426227723,0.22732608005391064,0.1903225688484926,3,0.526915445895142,39.29335189097877,0
2025-02-25 12:00:00,ST04,Highway,Commercial,80.01615911223439,19.0644643506525,39.29891836080096,0.12191489876996552,0.8271277635789713,1,0.5424123928293626,37.41877668684391,1
2025-02-25 13:00:00,ST01,Highway,Bus,46.151751893668084,46.14987782693023,27.510541936284632,0.38132212274535127,0.2591597677375924,1,0.794888329801248,22.358881607516153,0
2025-02-25 14:00:00,ST04,Highway,Passenger,40.71507897869453,42.82846901686064,22.12114511495,0.4565050595661594,0.6948073217150851,2,0.19470368228619228,14.631819097075374,0
2025-02-25 15:00:00,ST01,Urban,Commercial,48.38154235617632,43.14381482791648,35.37326686904151,0.3543498109324028,0.8080606900343587,1,0.9820755099674586,34.22777852614885,0
2025-02-25 16:00:00,ST02,Suburban,Bus,82.94415558464772,39.720637672512176,33.92762468790526,0.4751012062045935,0.5635799925549668,1,0.43745822729717054,22.419020510606728,0
2025-02-25 17:00:00,ST01,Suburban,Passenger,98.36762209938664,44.63966406986315,48.94154064495011,0.15140159140048387,0.29747912423860107,3,0.9498432648055952,48.68581907674206,0
2025-02-25 18:00:00,ST04,Highway,Passenger,98.98388197688922,41.25861014801541,45.634508395180525,0.13509357090507956,0.3473988141001131,3,0.38311586449683266,36.288533215909126,0
2025-02-25 19:00:00,ST05,Highway,Commercial,69.63874894841128,32.113011360862785,51.78863948606779,0.4353650924669483,0.8085980269750659,7,0.6017866688516357,66.93488995610684,2
2025-02-25 20:00:00,ST01,Suburban,Commercial,92.16113805954085,18.312022336183844,54.100204536022886,0.44220447015460307,0.3386057251011877,2,0.4503114713231361,43.97719439172103,2
2025-02-25 21:00:00,ST01,Suburban,Passenger,84.20958734509024,44.96941369463671,47.2995161751809,0.4324158108428513,0.6969523866538434,5,0.6759351638519703,58.57200305633015,1
2025-02-25 22:00:00,ST03,Highway,Passenger,70.0624142190762,42.827163024793634,40.62170467269463,0.4195859610134983,0.8921321698043243,3,0.1836247293841865,31.455713374375655,0
2025-02-25 23:00:00,ST05,Highway,Commercial,74.36563197730521,26.27956949947453,58.657366169817124,0.2448913455754641,0.8998533754901422,1,0.40062853284048494,31.564361579448516,0
2025-02-26 00:00:00,ST02,Suburban,Passenger,48.233628797012265,6.758540870087984,35.69804426944564,0.18698483343655511,0.5267837986154652,1,0.06838112210743141,25.520245566562853,1
2025-02-26 01:00:00,ST04,Urban,Commercial,96.25968763699552,33.734467733086106,65.70180998873371,0.471521607999116,0.7612446374288783,1,0.5981014169900135,41.93405318050474,1
2025-02-26 02:00:00,ST02,Highway,Passenger,61.115786243906605,7.276858415446178,31.547454489659,0.2228000731393336,0.8921998943369597,3,0.9626816985891228,37.616730847826354,2
2025-02-26 03:00:00,ST05,Suburban,Commercial,66.76895538743017,46.68259828317832,31.118953609394175,0.2593630728656129,0.39973831187358577,4,0.04590651515738575,35.430548911896004,0
2025-02-26 04:00:00,ST01,Suburban,Bus,80.29961385987392,48.273406548138816,61.71615138721594,0.3798235837806533,0.3019276680562447,5,0.6596300245015665,61.60234319482436,1
2025-02-26 05:00:00,ST01,Suburban,Commercial,60.03414829159324,13.52705656548219,34.173250786280256,0.21734243199759506,0.19138668467374656,1,0.7750979636376597,31.707368872410996,1
2025-02-26 06:00:00,ST05,Suburban,Commercial,55.255549659335834,35.43752201247095,28.263341831881018,0.4276520886244005,0.2127197104585009,5,0.21310842417762887,43.700313168530954,1
2025-02-26 07:00:00,ST01,Urban,Bus,77.86296359621323,9.152105205324325,45.812101904107294,0.12801384945271252,0.7828450908965306,4,0.27307429336854705,50.55625587411425,2
2025-02-26 08:00:00,ST01,Suburban,Passenger,41.49904493691097,37.828261785790495,31.835534552704278,0.41647306695557385,0.5709784722456592,3,0.20158108624003535,31.642437548032543,1
2025-02-26 09:00:00,ST01,Highway,Bus,83.24350672160074,20.627944976870356,46.18573889024032,0.3407405290471217,0.7989673403139886,4,0.29741263667630746,51.045855692372825,2
2025-02-26 10:00:00,ST04,Urban,Commercial,70.84140219259058,35.64725502787004,44.27987174747338,0.3291974576454372,0.7315640712257347,3,0.11008255919337417,41.17834849603649,1
2025-02-26 11:00:00,ST04,Suburban,Passenger,76.34522383125606,21.779442914098002,55.05914632733815,0.28335081565546427,0.6389957040384142,3,0.37034787128542235,50.59817264740371,2
2025-02-26 12:00:00,ST03,Urban,Bus,77.91280955481311,11.550537942495609,44.47676204042068,0.21081823851336898,0.5874497535254886,6,0.36892919531439483,50.39382649272554,2
2025-02-26 13:00:00,ST02,Highway,Passenger,71.62300938955383,23.274949122615105,35.33999042471177,0.2856281141724947,0.13867112334247436,2,0.8072674566054089,35.227373964414035,1
2025-02-26 14:00:00,ST05,Suburban,Passenger,74.95202664644415,10.070308698565551,59.79749881592964,0.28001140480747494,0.7978201568025538,4,0.8009583156007184,67.38452415361915,2
2025-02-26 15:00:00,ST05,Highway,Bus,81.02729205339247,30.95974737396256,63.41425531597307,0.33350167551322796,0.43427364934377144,6,0.7967233633093648,62.81840907815554,2
2025-02-26 16:00:00,ST05,Suburban,Passenger,85.18713083078045,6.84281894672659,62.81628046564545,0.21262971434221212,0.5478294856571136,5,0.5670359132189303,71.03618502340377,2
2025-02-26 17:00:00,ST03,Suburban,Bus,83.64714347716722,28.729385581993686,56.491060852838274,0.13103823279045962,0.11756280150161658,1,0.32588068686633453,45.24075391033771,0
2025-02-26 18:00:00,ST04,Suburban,Commercial,92.1769874639357,44.88658911929934,47.74272510642468,0.15803577865565532,0.8488588014902296,4,0.41096451640043374,51.64081803942582,0
2025-02-26 19:00:00,ST03,Suburban,Passenger,51.366605990044164,42.70429715537132,39.314211396369835,0.3796709725846291,0.8221923688736011,4,0.3177435047620818,36.100814912583935,0
2025-02-26 20:00:00,ST05,Suburban,Commercial,64.06887816950785,44.72517648319236,32.68939395852006,0.1089969318542162,0.5346224239344844,1,0.5819279049807213,26.0810653979465,0
2025-02-26 21:00:00,ST02,Urban,Commercial,96.86776396086742,46.49219609571983,69.77615562753775,0.44257721785817206,0.561849306534686,2,0.9379791213136662,58.23069804406355,1
2025-02-26 22:00:00,ST01,Suburban,Passenger,63.79543446317979,9.70375495440624,48.95044529454358,0.37775893099196534,0.6640137699227909,1,0.2844967840557142,25.691160323519554,2
2025-02-26 23:00:00,ST04,Suburban,Bus,47.49220461435536,10.793624129407089,30.452074554917925,0.40723461652308657,0.31175591714892004,1,0.4588518176461297,28.1957144421176,2
2025-02-27 00:00:00,ST04,Urban,Passenger,71.52670758173078,30.065306284090788,51.586669940209525,0.4343937796373899,0.2775324981706421,0,0.6551169301393401,32.88445100391538,1
2025-02-27 01:00:00,ST03,Urban,Commercial,46.56945835326773,45.22877007909931,33.37530812161185,0.14908417757207248,0.6392183572813062,2,0.8446949117955828,32.28962117953405,0
2025-02-27 02:00:00,ST04,Urban,Commercial,52.17119432367191,48.84572554358138,24.899385957011205,0.4289804363880265,0.18353795692712654,3,0.2533339206409648,24.38695593704479,0
2025-02-27 03:00:00,ST05,Urban,Bus,99.8991253942574,7.081786280299998,66.6496784543704,0.3018569750636225,0.4632496037787046,1,0.28028995098039056,48.422988967093815,2
2025-02-27 04:00:00,ST05,Urban,Passenger,72.48175830376792,21.009833789029706,31.702591486251052,0.45420953550127885,0.4942083391992721,5,0.8851655322559362,53.58682937917315,2
2025-02-27 05:00:00,ST03,Urban,Commercial,57.04350334242574,14.580241459699705,34.40522187197602,0.45463464042413737,0.40506958153213446,4,0.08025811998580301,37.1804658647988,2
2025-02-27 06:00:00,ST05,Suburban,Commercial,99.68649727443437,39.018463201906165,46.34367632078657,0.10967121750166808,0.24821454055818776,2,0.6054476059672126,39.40043224841925,0
2025-02-27 07:00:00,ST02,Suburban,Commercial,97.99353511330858,33.80872408416644,55.51723773721006,0.2531460861934156,0.3842530114602838,4,0.8604554160959871,55.024031073896786,1
2025-02-27 08:00:00,ST03,Highway,Bus,66.44434246505581,10.394961416773043,48.7165154814286,0.3105595183461094,0.37004580284836,4,0.9217427503515333,44.53708923566642,2
2025-02-27 09:00:00,ST02,Suburban,Commercial,55.6241865272745,26.75849303142372,44.21383782903664,0.3713440359131608,0.49941253971900035,5,0.012687254232868761,53.67623687221183,2
2025-02-27 10:00:00,ST01,Suburban,Commercial,90.3039782855314,35.84482350670811,47.6068064077571,0.2144744986736536,0.6397446732628155,4,0.3696659774941843,48.59427644824904,1
2025-02-27 11:00:00,ST02,Urban,Passenger,82.93724301830714,40.055242726581696,50.822472833304346,0.20085690426586092,0.8745880988209365,3,0.25726478612104664,47.75579092995348,0
2025-02-27 12:00:00,ST01,Urban,Passenger,81.21648610021063,5.902371940280384,49.096925995824634,0.2525062876356189,0.2153306081394626,2,0.5680325887747232,37.957639983290555,2
2025-02-27 13:00:00,ST01,Suburban,Commercial,93.58682447934835,45.07113082927504,73.16249242509336,0.3003754766999578,0.7984136879528655,3,0.6328622768136293,58.37055993163856,1
2025-02-27 14:00:00,ST02,Highway,Commercial,81.36502803227947,30.6176622327736,48.12200273498601,0.48045849256216533,0.32734240031220996,2,0.9997744776055287,45.65836414355971,2
2025-02-27 15:00:00,ST03,Urban,Passenger,57.02787658249295,41.53591017319571,38.75856759283276,0.404843386678975,0.5730982160011245,3,0.5127624968989256,44.662698935334646,1
2025-02-27 16:00:00,ST05,Suburban,Bus,81.63178971254393,41.35721135064276,62.75163781957851,0.2717284667750821,0.5373895583870945,2,0.5514668787372697,55.8554698008509,1
2025-02-27 17:00:00,ST05,Suburban,Bus,58.34881067701984,13.543369712193611,32.054002223317326,0.12174647137607351,0.5455587349026104,3,0.4143135078056419,33.42637877995905,1
2025-02-27 18:00:00,ST01,Highway,Bus,85.55433877941971,9.95774541141349,65.0939241482856,0.16740823685750375,0.6786868893750503,2,0.14767723783857567,42.28565055528791,2
2025-02-27 19:00:00,ST01,Highway,Bus,77.18487126949395,37.4579271038222,59.19944466061924,0.28236976972776684,0.4053506445991968,3,0.30332464028059847,46.404424678699016,1
2025-02-27 20:00:00,ST03,Urban,Bus,44.644693119085034,12.03921134697286,34.47753400245474,0.42553036003948175,0.3552799705894846,4,0.24698491771103182,36.727112945186995,2
2025-02-27 21:00:00,ST04,Highway,Bus,70.77012174610852,43.24718711321257,35.96385248707681,0.25227821427093755,0.7822676585483819,2,0.801219691348342,49.226440089066074,0
2025-02-27 22:00:00,ST02,Suburban,Bus,60.59805815174445,37.67852677379473,33.943531893876646,0.3153986602980239,0.27607603221941623,3,0.5458164215523124,29.02198654698245,0
2025-02-27 23:00:00,ST01,Suburban,Bus,59.714237963937656,42.882141396436815,44.675706540225946,0.45672195443404084,0.24419682984891447,0,0.29619363021534206,38.731778489681574,1
2025-02-28 00:00:00,ST05,Highway,Passenger,76.13537814263543,18.455570582420574,41.39211977944956,0.4655185037706516,0.1124859493242087,2,0.48909290289350327,38.78034654496044,2
2025-02-28 01:00:00,ST03,Highway,Bus,59.339489468165496,19.246912718475606,37.98327919766305,0.18630999857707575,0.2684622256233494,4,0.21886488309541552,40.76740155001825,1
2025-02-28 02:00:00,ST02,Highway,Bus,86.61362489229236,35.204970035584296,38.73550148038357,0.11743796871703777,0.5148251466533668,5,0.18512715057321794,42.030863036577536,0
2025-02-28 03:00:00,ST03,Highway,Bus,44.24748616067046,6.415067977652639,18.695005167325796,0.22216421238860598,0.5308070984112908,3,0.8599422372418859,32.74459630644922,2
2025-02-28 04:00:00,ST02,Urban,Commercial,79.62329514374952,37.69235358518402,44.971045666614245,0.3783209259303121,0.3035363929564275,4,0.9448108544661389,49.11490204793352,1
2025-02-28 05:00:00,ST02,Highway,Passenger,88.55168821940447,42.61023818845705,55.9262898074454,0.4804448803905066,0.1578193360329599,2,0.08001460782698788,45.665086604479576,1
2025-02-28 06:00:00,ST01,Urban,Passenger,80.36990139522581,23.682361397184682,44.772436165550616,0.1308127999936456,0.6957126370761649,4,0.7648827071864205,53.190191166182444,1
2025-02-28 07:00:00,ST03,Suburban,Passenger,69.83375170119974,39.41954735398109,44.07168320940536,0.1113935242197086,0.7063802788498398,2,0.45331153642729016,44.923540995830685,0
2025-02-28 08:00:00,ST03,Highway,Bus,97.01842082417087,12.857491264201787,58.79643743662427,0.45365888519428876,0.8982691170332492,2,0.38897164130825335,41.8359045638617,2
2025-02-28 09:00:00,ST05,Urban,Bus,57.99630938788381,19.50171772187681,39.10591920282706,0.39925810764125647,0.8200236564277742,2,0.689411309547821,37.15378434155318,2
2025-02-28 10:00:00,ST05,Highway,Commercial,41.15007325149867,48.84372333997148,27.151352147625385,0.49689943166223016,0.8408496516141141,2,0.26625368533436566,25.75119598929514,0
2025-02-28 11:00:00,ST01,Suburban,Passenger,65.91936228780645,49.38476781020568,37.55414739861049,0.25871715258626127,0.7385630605951535,3,0.020581226283587384,32.11383751841287,0
2025-02-28 12:00:00,ST01,Suburban,Bus,41.98071615401963,28.06722738597146,23.9289282835581,0.26642036205470776,0.5924022827059993,2,0.214002847820015,18.95929774151842,0
2025-02-28 13:00:00,ST04,Suburban,Passenger,97.23620515158453,47.04214061587446,44.369982680765375,0.16892473491897986,0.2028367660836084,3,0.1849250767091689,42.63110991277373,0
2025-02-28 14:00:00,ST05,Highway,Commercial,52.595082744883086,28.522880512558455,31.8355631648648,0.1463388610389354,0.5978506379647022,0,0.03404938155356252,17.963421446117533,0
2025-02-28 15:00:00,ST02,Highway,Commercial,87.33562143693277,18.12146576725208,55.446910194984085,0.33148720423609523,0.1447646883317013,6,0.3213154160263213,60.70042149080256,2
2025-02-28 16:00:00,ST03,Urban,Commercial,86.4743249904619,17.010467964444732,51.071369596698396,0.24571400051793302,0.8082392890169539,6,0.47451853351413986,62.795589935937905,2
2025-02-28 17:00:00,ST01,Suburban,Passenger,53.06373398097601,46.827756741566695,28.138792546274058,0.13212657917809803,0.48545706833135804,0,0.7358286970505784,19.366973149288473,0
2025-02-28 18:00:00,ST03,Highway,Bus,77.27359182881004,12.760087503823659,53.21518675246946,0.454794827809328,0.6579782655806402,4,0.32566132549259685,49.940207681375256,2
2025-02-28 19:00:00,ST03,Suburban,Bus,42.88473810918701,31.08346061908182,18.434633274639452,0.17934258729973324,0.1417949309567712,3,0.1945402656577434,30.472880391813405,0
2025-02-28 20:00:00,ST04,Suburban,Commercial,69.01447514223204,29.998628062822384,52.849638923870494,0.3994337388014132,0.5273987383382603,5,0.2306197692536054,58.724252332746055,2
2025-02-28 21:00:00,ST05,Urban,Bus,40.87882763634921,38.28297580938477,16.689082897345234,0.21289143844724445,0.34101071828269003,1,0.8911770791617145,29.897250903867704,0
2025-02-28 22:00:00,ST01,Urban,Commercial,95.2686328108505,27.465930838614863,74.78016572354193,0.42516193230111965,0.32797461258979654,1,0.20472040641736877,38.8895167318862,1
2025-02-28 23:00:00,ST03,Urban,Passenger,98.5651614519743,17.252854731866037,57.654926362529565,0.14735873657106163,0.411724731762546,4,0.8792406675165103,52.80674613291469,1
2025-03-01 00:00:00,ST01,Urban,Commercial,53.336965998315115,12.622842483421035,30.139011508063437,0.4024286440887046,0.10051156868842792,6,0.4470989954877954,43.78087143587169,2
2025-03-01 01:00:00,ST02,Suburban,Passenger,52.48636207578237,32.93684615776513,26.37847025140941,0.139247549560205,0.4733287053761388,2,0.9344004323485264,29.292172110538733,0
2025-03-01 02:00:00,ST04,Urban,Commercial,85.22321059372777,37.35458405839549,34.43260201538291,0.27876631514277733,0.4892533468863507,3,0.40809213630469865,34.621225195010425,0
2025-03-01 03:00:00,ST02,Urban,Bus,55.20276392976007,30.628457540691468,28.14877841073321,0.39360174023984185,0.7905047326712513,1,0.17768293380581734,23.036517003635048,1
2025-03-01 04:00:00,ST01,Urban,Bus,93.7045935497107,38.225807470453766,41.58234763973598,0.16928735247476023,0.45882048630598593,4,0.5490299292113376,52.10421853651496,0
2025-03-01 05:00:00,ST01,Urban,Commercial,74.43574816737893,11.368454110248205,49.42000249987689,0.2142659955386892,0.39084503509413826,3,0.5877066028490677,43.6177751822949,2
2025-03-01 06:00:00,ST05,Suburban,Bus,61.046657380618726,44.711158772441095,32.210047157845004,0.44590679683687906,0.8957976410899707,4,0.6354893032732697,45.32978074197272,1
2025-03-01 07:00:00,ST03,Urban,Bus,89.9616247809652,31.20779787838264,63.59132946501131,0.4540477283630584,0.5569706596819971,1,0.4114967184695272,47.300610278223914,2
2025-03-01 08:00:00,ST03,Suburban,Bus,69.6044020248037,10.707976710166871,33.60267180571297,0.1179741809810905,0.47809056690731155,4,0.048601340794495185,35.01106082365851,1
2025-03-01 09:00:00,ST02,Highway,Passenger,94.69797482250854,25.786634189258077,71.97935707438361,0.1672362341411901,0.4967486676387035,3,0.626719922949512,55.850391495548145,1
2025-03-01 10:00:00,ST04,Suburban,Bus,95.68085420376286,43.01562820396602,58.28806892074682,0.14698877610914363,0.7473450380070441,4,0.9330301542669718,58.80490886268775,0
2025-03-01 11:00:00,ST03,Suburban,Passenger,49.92520912770456,45.390298705392205,22.256781973134593,0.17187723786052123,0.37254109517612866,2,0.9575586285057303,22.32587249487179,0
2025-03-01 12:00:00,ST05,Urban,Commercial,40.139404367915816,16.909227724944266,22.491637348305325,0.488075089722509,0.41132837014875656,2,0.5968853678610146,29.771161044409446,2
2025-03-01 13:00:00,ST02,Highway,Bus,99.03585640854413,37.00696211197039,47.80502479250895,0.32066209951618263,0.7046986874699723,1,0.019887017954431818,23.077138348775314,0
2025-03-01 14:00:00,ST02,Highway,Bus,94.36825216764876,9.499336136769951,45.28488672739677,0.28724495618197077,0.15838699169101558,1,0.10603848084881229,32.65135981030527,2
2025-03-01 15:00:00,ST05,Highway,Bus,43.326714142230486,6.509564213547101,26.106420406305595,0.49378694923704647,0.7921353265146069,2,0.8339905257694428,29.23840384816463,2
2025-03-01 16:00:00,ST04,Highway,Commercial,89.9820558364642,30.217952921897425,60.1761122814123,0.32278245194429417,0.444162157174376,2,0.8297444376533422,45.833519971099946,1
2025-03-01 17:00:00,ST05,Suburban,Passenger,67.4682959535524,36.26724106976566,51.58944913564162,0.3644471709382099,0.5650343804045187,2,0.946015605268362,40.3616109414808,1
2025-03-01 18:00:00,ST04,Highway,Passenger,55.537696301498514,40.81040290294259,33.37064701977605,0.2331082184196721,0.7059809274078681,5,0.5637744228668131,50.028064816015544,0
2025-03-01 19:00:00,ST05,Suburban,Bus,92.72479142061579,20.30973073049006,72.912796153537,0.2528459458038075,0.31284153795147585,2,0.8638162944684391,57.76694411190223,2
2025-03-01 20:00:00,ST05,Suburban,Commercial,51.800033943418434,5.293643469299915,40.2307004972499,0.3377637535236292,0.8122513666565209,4,0.8248869256818773,46.08845508520098,2
2025-03-01 21:00:00,ST01,Suburban,Commercial,96.837999965204,26.57836567001092,72.24357008549151,0.1279143136001859,0.8833799778052887,4,0.5894208062071001,71.00422858643117,2
2025-03-01 22:00:00,ST02,Highway,Commercial,52.337289261960464,5.713409541810514,31.40189760108097,0.20235315441791007,0.49541948912489964,1,0.7836375533670537,28.708817705074072,1
2025-03-01 23:00:00,ST05,Urban,Commercial,76.82099126372461,9.139302980185997,35.058148756321415,0.17872469978412286,0.8495498920261387,3,0.12571054451247143,33.71638689275384,1
2025-03-02 00:00:00,ST05,Urban,Commercial,53.38518007173849,19.701006013928676,26.00721977250781,0.10635735725600144,0.10090289802158621,2,0.6392027568801203,29.69216661926868,0
2025-03-02 01:00:00,ST03,Highway,Passenger,72.74011989811808,24.672742230207973,47.94068541992066,0.3147605082081688,0.8153902637084227,6,0.953450956337194,60.10325828739334,2
2025-03-02 02:00:00,ST02,Urban,Passenger,81.03850779490847,17.576124855334186,46.08676082088431,0.3244211358095517,0.3488362558010445,2,0.16195749843940777,29.69373063697141,1
2025-03-02 03:00:00,ST03,Urban,Passenger,51.41367584920825,31.183936992711853,23.584514943337226,0.2535756892149036,0.34919633978208153,3,0.7440426818000011,32.365030867622394,0
2025-03-02 04:00:00,ST02,Suburban,Bus,71.25314696204074,7.490740514814283,42.15318884382741,0.20749098778591635,0.28247109181595154,2,0.32078579734338464,37.45437047264134,2
2025-03-02 05:00:00,ST03,Suburban,Commercial,68.14358466340714,11.506086960781312,27.732545806622074,0.36082395039785,0.35361112092072156,3,0.81710392371783,27.78075464178577,2
2025-03-02 06:00:00,ST05,Highway,Bus,44.262245284200475,36.28662803399451,30.698440881559023,0.15386366455378275,0.2707876669589081,3,0.6972109337056676,29.82368275016091,0
2025-03-02 07:00:00,ST05,Highway,Commercial,89.09846906051817,11.396338411906298,38.26177990041631,0.3074460126541336,0.8246952850479774,1,0.9261742576066234,30.35486217266775,2
2025-03-02 08:00:00,ST01,Urban,Passenger,60.1409440385705,33.78988407066901,39.190572419043114,0.407229594324248,0.8192189817706932,5,0.7119354196938953,42.74422421090249,1
2025-03-02 09:00:00,ST03,Suburban,Bus,74.47493185311276,7.4608079339014495,53.413728188938116,0.1657191935809889,0.18176905193649803,5,0.4103105949628616,48.72641849937409,2
2025-03-02 10:00:00,ST04,Highway,Passenger,70.88705409598806,23.332202560361317,32.115915039963106,0.4013038154383275,0.21428674309319398,1,0.01089253449032579,25.21419437979963,1
2025-03-02 11:00:00,ST01,Highway,Commercial,70.79563027422654,12.983426155453206,43.00519330581061,0.40431780366135917,0.7896149112085332,0,0.7929168967708282,27.240453899881597,2
2025-03-02 12:00:00,ST03,Highway,Commercial,46.43334365250925,9.933632714083389,33.04322131010748,0.12397065929218197,0.41915021669819674,3,0.40846496665540555,31.37677198759223,1
2025-03-02 13:00:00,ST03,Highway,Commercial,65.40892055495996,30.51647525755524,32.98266939645017,0.10751373043487274,0.23541734187142263,4,0.6706340948348597,43.897462380096776,0
2025-03-02 14:00:00,ST01,Highway,Passenger,67.14200555239421,46.77510974025298,31.232220937714427,0.48957416239527796,0.5085355219492538,5,0.10506648124841877,42.24172976996394,1
2025-03-02 15:00:00,ST05,Highway,Commercial,84.01857042186691,7.465417156559697,44.92705224644673,0.17735306379952998,0.433334439936076,2,0.8909686358976551,47.19622894201528,2
2025-03-02 16:00:00,ST03,Urban,Passenger,90.40112991524191,23.96994116981154,56.218624896571185,0.42885568364004123,0.2753292429903722,3,0.4356577974065051,38.56817482647759,2
2025-03-02 17:00:00,ST05,Suburban,Bus,72.69893668600108,36.83909469854497,45.80846061163796,0.32474026121811944,0.6766017746221075,1,0.9196917338086819,32.46895928252355,0
2025-03-02 18:00:00,ST01,Suburban,Commercial,45.20697724389943,25.820952425952214,20.449400268914435,0.20578886301479873,0.6050314498661847,5,0.707017433794491,39.30981533430454,1
2025-03-02 19:00:00,ST05,Highway,Commercial,54.21096823579278,41.29231757473603,31.606487401093904,0.15198817464752504,0.17972929084435246,1,0.12146226209805322,23.973548795409634,0
2025-03-02 20:00:00,ST02,Suburban,Commercial,49.89604161116387,13.084039213885927,25.312904481334623,0.298670909431091,0.840309371460274,1,0.5791966134076992,37.90789454501534,2
2025-03-02 21:00:00,ST04,Suburban,Bus,47.47690379134748,48.181739226248325,34.9814426329607,0.26294192465177996,0.5467759725840553,4,0.9099344479417872,49.52197118243086,0
2025-03-02 22:00:00,ST03,Suburban,Commercial,61.95395791706845,22.332318249764324,32.552471381121045,0.3795544340468272,0.30016358965083345,4,0.7999705598834314,42.946555378432514,2
2025-03-02 23:00:00,ST04,Highway,Passenger,53.76361012926292,20.37063348249238,39.542157279980074,0.46166741981909076,0.2650334520578908,1,0.41798040757625,22.884473235397042,1
2025-03-03 00:00:00,ST05,Highway,Passenger,53.09818670869074,44.35726075264247,30.34167621014337,0.42209923478537537,0.20875838509776123,3,0.955064397253907,33.029371273797004,0
2025-03-03 01:00:00,ST03,Suburban,Commercial,43.281590474576056,30.374016435129494,29.89175121429313,0.20978082008192478,0.4397099251122806,3,0.2685761808015268,37.14736377287579,0
2025-03-03 02:00:00,ST05,Suburban,Commercial,41.06020268772603,28.23999538562697,24.801351621878577,0.4515732873809223,0.20843281047266943,10,0.3751077033183158,62.17786488887739,2
2025-03-03 03:00:00,ST02,Highway,Bus,46.166094558986906,37.714006378779395,29.95187195070928,0.4333565256418417,0.432653130076181,2,0.7497141732867983,30.702660876981458,1
2025-03-03 04:00:00,ST01,Urban,Bus,50.33184876541799,31.092540722649066,28.092349151406587,0.47165449348870736,0.21901634258729416,2,0.23290455721551606,34.66156553043078,1
2025-03-03 05:00:00,ST03,Suburban,Bus,65.85902373089219,12.313204014070191,46.58094859286309,0.2834643284151951,0.6254460172191114,2,0.5153744699595479,29.871105893366433,1
2025-03-03 06:00:00,ST02,Urban,Commercial,70.63121567793068,35.33889302892183,40.26514349323526,0.40743006896375944,0.7281936173490866,3,0.7287891901041543,43.77288252820874,1
2025-03-03 07:00:00,ST02,Suburban,Bus,48.435515090401935,11.006099567695781,28.237162230755853,0.3366632262094682,0.539618198018207,2,0.6439677661423481,26.0400639266466,2
2025-03-03 08:00:00,ST03,Urban,Bus,65.48700049145117,41.26359674003279,39.755289476922265,0.22420110101979335,0.6440454998839178,1,0.15536991412096823,34.61269840259703,0
2025-03-03 09:00:00,ST05,Urban,Passenger,60.50493053955564,49.538146897052194,44.33375641745067,0.4977724010171054,0.8507029896672488,5,0.6296603161278346,48.770590107544926,1
2025-03-03 10:00:00,ST02,Urban,Bus,51.00541860987736,21.982443123864932,33.85492675429101,0.11532298673586455,0.6106972236564863,2,0.5727105288051072,35.999154527836836,0
2025-03-03 11:00:00,ST04,Highway,Passenger,40.410444888901814,25.014015419090565,21.80806857904188,0.16490902902362986,0.3913265585471061,5,0.5578448250391125,32.441599029152755,0
2025-03-03 12:00:00,ST02,Urban,Passenger,68.0210719913045,7.089514496726554,45.44677282861916,0.457016945012758,0.45958412693993245,1,0.8260471865372462,43.75024901990283,2
2025-03-03 13:00:00,ST05,Urban,Bus,81.13910495591196,5.617993463716023,53.306008835888704,0.12422513736505342,0.7884201808576295,4,0.1838960225250139,53.090583910068155,2
2025-03-03 14:00:00,ST05,Urban,Passenger,53.57664004862842,46.46387006943475,41.383009868308015,0.45472826693740875,0.20457625516007713,7,0.7515659870434475,60.426200420672586,1
2025-03-03 15:00:00,ST04,Suburban,Commercial,47.90840979380076,10.788082719763644,35.287733287257026,0.38608859042328036,0.36058961796034616,3,0.7609260177350818,42.2180423217785,2
2025-03-03 16:00:00,ST02,Urban,Commercial,93.2225646668177,25.060043640176165,61.43169095382025,0.11467360215781693,0.5618240551763873,3,0.7226454395808684,57.72893353654305,1
2025-03-03 17:00:00,ST05,Suburban,Bus,56.501486349267864,41.69095807350026,30.31885828070411,0.2717280171416706,0.6411116555267475,1,0.50596831347876,25.98327367892765,0
2025-03-03 18:00:00,ST03,Urban,Commercial,53.41675718755989,45.01934419677438,38.023681226209014,0.40178859000089484,0.7107992603453642,4,0.39553874773773745,41.02449209417117,0
2025-03-03 19:00:00,ST01,Urban,Passenger,91.42581637659495,28.372895837756044,57.60588166257969,0.3332401138523199,0.3545654367968697,7,0.39467716007287956,67.2592784411796,2
2025-03-03 20:00:00,ST01,Highway,Commercial,89.02642595000567,30.42646362391774,70.69659663457342,0.47434851678578316,0.21668730720732024,2,0.7338087139422406,53.23651008115532,2
2025-03-03 21:00:00,ST01,Suburban,Bus,66.90078823147802,35.13577876084726,33.38365732996778,0.44705761316479997,0.8638713677412478,10,0.49789670258287133,71.95250811065412,2
2025-03-03 22:00:00,ST02,Urban,Bus,69.35433168566647,48.26221115646719,29.95152371931516,0.2330590541336584,0.1611137737056316,2,0.3384337242309269,30.532695843010163,0
2025-03-03 23:00:00,ST04,Suburban,Passenger,53.064922290041316,32.12014824250273,22.70949034263418,0.13385087820803615,0.17664428462950835,5,0.6254696844053216,37.50321207485244,0
2025-03-04 00:00:00,ST05,Suburban,Bus,44.69810022877345,30.176386675535582,29.322497070711062,0.4777028158582606,0.4959540335215751,0,0.8370112605030168,19.79034623153708,1
2025-03-04 01:00:00,ST03,Highway,Commercial,74.40590952133967,5.6540360869695805,57.71696845228932,0.3069147071071706,0.7554168225148786,6,0.061508741168281755,57.522742602678306,2
2025-03-04 02:00:00,ST03,Highway,Bus,45.90069529541279,8.642736591006024,18.39574860185761,0.12975904974877941,0.7196032850842614,4,0.9721369577714376,41.2742587571833,1
2025-03-04 03:00:00,ST02,Highway,Passenger,66.95647281739899,30.97272319807983,46.22061687787305,0.42663024534371186,0.8501594129552735,3,0.09665193958190432,31.436526811026948,1
2025-03-04 04:00:00,ST01,Highway,Bus,96.42983191078065,47.13081745132414,63.916206806743595,0.44740258827415647,0.21328206049039072,2,0.5117381207029182,47.84498949754495,1
2025-03-04 05:00:00,ST02,Highway,Commercial,97.17006335023507,44.001110677972775,67.33124323993732,0.3557698560706284,0.40058180564994883,2,0.5602095440377961,53.171639916131426,1
2025-03-04 06:00:00,ST04,Highway,Passenger,54.359937192841514,49.21605153464921,29.471901112975345,0.279003586274536,0.32571370297736807,3,0.13821070536134816,31.360065588602527,0
2025-03-04 07:00:00,ST04,Highway,Commercial,77.44680520273926,28.75253169025733,56.396653408678524,0.3648692049294291,0.7886960988437376,4,0.9155937530176794,57.73033008416621,2
2025-03-04 08:00:00,ST05,Highway,Passenger,68.44457584647145,40.456892229699505,28.6018091219331,0.38267347828204945,0.49068369622496033,3,0.47146707729249393,32.5030633903853,0
2025-03-04 09:00:00,ST05,Urban,Bus,92.54110765516636,42.81801491702032,64.9798153855561,0.45721198323438716,0.12147834753253309,1,0.1431205144603933,39.2323106118593,1
2025-03-04 10:00:00,ST04,Suburban,Passenger,56.2858518565632,34.16142457988878,28.527289432953076,0.4823446721498953,0.6663715254707172,2,0.7116124028477708,29.174234306679924,1
2025-03-04 11:00:00,ST04,Highway,Passenger,40.22214440994501,20.243745689652826,23.760632900161283,0.30572837295636457,0.41095847826128207,6,0.6634043452426098,47.68244239407967,2
2025-03-04 12:00:00,ST04,Highway,Bus,49.7536723558849,26.14902955960075,36.27313915160384,0.419397813410625,0.5249174106968099,5,0.9628655697814476,50.55694905059637,2
2025-03-04 13:00:00,ST02,Suburban,Commercial,60.971368070163884,43.60626825096055,31.006599873586904,0.485803822396662,0.8150299416079985,2,0.44151632468774826,29.02157482301708,0
2025-03-04 14:00:00,ST04,Urban,Bus,58.94326778622931,18.434656669197377,27.944001496430605,0.1604973352587864,0.30539021970624936,3,0.26779597316475934,30.062027194347415,0
2025-03-04 15:00:00,ST03,Suburban,Passenger,87.48177514737316,46.568440906999186,58.83370481316693,0.10730719264387067,0.29221174048974174,2,0.05999400629526208,34.11082301509494,0
2025-03-04 16:00:00,ST01,Suburban,Bus,80.83363996833026,15.34128536401993,49.57995623573515,0.4475855091393176,0.31055400334407146,2,0.7331215250802694,34.59317878687729,2
2025-03-04 17:00:00,ST04,Highway,Passenger,57.973379176893836,38.72823868205513,35.118043883911014,0.17810933329886433,0.3704863930077622,3,0.6172776892304224,39.12794268447746,0
2025-03-04 18:00:00,ST01,Suburban,Bus,67.4646290299728,33.375165545558225,33.914995656777585,0.11699150665272039,0.18588317971687973,3,0.9726108349007595,44.70300445861266,0
2025-03-04 19:00:00,ST02,Suburban,Bus,45.733546237500114,38.731974850434305,18.9314985265994,0.16403845506297782,0.6577757286468715,4,0.7121649798036325,44.358623293478296,0
2025-03-04 20:00:00,ST01,Highway,Commercial,93.88878668920604,24.680640759466765,52.9633833212788,0.25364596449750776,0.26591897426330924,5,0.9331614799382161,66.3011444981574,2
2025-03-04 21:00:00,ST02,Highway,Passenger,96.12548946691206,46.968847814929305,42.54742867368645,0.18770628063703204,0.8409165978164687,1,0.9915787947795804,40.710575709176666,0
2025-03-04 22:00:00,ST03,Highway,Commercial,98.7882121228563,33.46124910851648,75.31570420727843,0.22210145164017725,0.27254905112789657,2,0.4284311442326858,53.088264154092215,1
2025-03-04 23:00:00,ST02,Highway,Passenger,92.11316984715026,17.97331120494153,38.365147159740665,0.4901176205720186,0.3045136234470201,2,0.1502950133692771,31.281702821446196,2
2025-03-05 00:00:00,ST02,Suburban,Bus,50.437653261773534,33.73047817934646,28.883643750109492,0.38176221766503005,0.3376161830486531,0,0.1958507769032637,12.454518538030577,0
2025-03-05 01:00:00,ST05,Suburban,Passenger,42.77178899209773,17.9067086243164,18.00257042956741,0.38487669130128166,0.7148304776091328,3,0.3183752231123167,22.673815498074497,1
2025-03-05 02:00:00,ST04,Urban,Commercial,74.77580364476043,18.213457629194338,32.768069459470006,0.13787414989116914,0.4420851899536239,5,0.5088957670662728,47.42554535101684,1
2025-03-05 03:00:00,ST04,Urban,Commercial,94.75630161298662,22.981933022939057,62.87522809063717,0.3928393479290767,0.755467699224495,7,0.12241999939635617,63.48684722173268,2
2025-03-05 04:00:00,ST03,Suburban,Commercial,50.641081699584575,43.359368790610354,33.36459837411795,0.395737733182122,0.7278829698846309,1,0.3017178718552357,24.24656805493876,0
2025-03-05 05:00:00,ST03,Urban,Passenger,40.42257487744851,27.51340434772964,16.703451879930675,0.3638980073626529,0.8435923382139733,3,0.3077938473829154,13.940838903516086,0
2025-03-05 06:00:00,ST04,Suburban,Commercial,88.32976276193466,35.55053790035933,35.371882276372865,0.19137451839915004,0.7052833240832438,3,0.004085654964712804,35.062492449932094,0
2025-03-05 07:00:00,ST05,Urban,Commercial,44.60774105720404,22.638548312350835,19.249454974990744,0.269214471632874,0.14152893573525027,4,0.35416873966639273,27.992692923957073,1
2025-03-05 08:00:00,ST04,Highway,Commercial,64.82236191460183,16.862244791309664,45.712701041011044,0.4385105818678502,0.7698250189592467,4,0.11615220008467142,36.87897605830436,2
2025-03-05 09:00:00,ST05,Urban,Bus,80.7332402313271,47.95880723223041,51.171197215822545,0.3680806517362506,0.850458077364329,3,0.42971137966238915,48.49500253320633,0
2025-03-05 10:00:00,ST03,Highway,Bus,54.207855127370806,32.16115612053782,22.509665376103264,0.3931075339999609,0.8949513540397352,3,0.1965367374037491,33.03557433737013,1
2025-03-05 11:00:00,ST01,Highway,Passenger,45.0377538068036,47.02781023622232,26.808218816607805,0.33494976005032356,0.20021407530597213,3,0.8221142396931961,36.20290541144906,0
2025-03-05 12:00:00,ST03,Highway,Passenger,86.20127370734971,14.153585098924177,59.03164448098749,0.2798346396447114,0.5906186154612277,0,0.08052535277382356,26.73548854431091,1
2025-03-05 13:00:00,ST03,Highway,Commercial,77.81050509322249,11.610237376081974,58.16962080342852,0.4036208040268433,0.25956693270732756,8,0.8656604314182001,81.33281794688466,2
2025-03-05 14:00:00,ST02,Urban,Bus,99.30942906920828,43.51203082057566,76.82722387454461,0.12717032574652198,0.3100077127300792,3,0.5805266155245983,55.37386099357345,0
2025-03-05 15:00:00,ST02,Suburban,Commercial,60.65848199919756,35.64127456777632,32.208211797181576,0.3692642931121056,0.6964674705782864,1,0.4586406631983575,24.90232367134705,0
2025-03-05 16:00:00,ST02,Highway,Commercial,43.70574317741198,13.39603246641386,19.85696016352255,0.49888180314027164,0.8821341741592483,4,0.5497423168939102,42.16745117055059,2
2025-03-05 17:00:00,ST02,Urban,Bus,84.06100212011773,17.1211865298592,41.59089297801392,0.4120767717872127,0.5758844011704184,4,0.37610912917766925,46.432866584147014,2
2025-03-05 18:00:00,ST05,Highway,Bus,71.30400513119474,41.029877368639006,50.659256472927176,0.21622540463098214,0.7804675758577979,3,0.12761190499194508,41.374964541572204,0
2025-03-05 19:00:00,ST04,Urban,Bus,52.792235883348106,25.424087899817124,41.63162388832442,0.21112779788215225,0.10710704306306235,5,0.76587981578378,52.0951518167659,1
2025-03-05 20:00:00,ST01,Urban,Passenger,86.90373934028557,35.17432279277409,50.974035477337985,0.3668874442373836,0.1293053118796954,4,0.9279115900964156,54.98526616385644,1
2025-03-05 21:00:00,ST03,Urban,Passenger,52.22532915099663,19.32584099612049,27.26900049433781,0.45834170280341213,0.5773794698606908,4,0.9500676231198647,44.46521179125029,2
2025-03-05 22:00:00,ST05,Suburban,Commercial,55.63969928997619,22.155347874869452,31.807893683328956,0.33117989633913714,0.4111864812803513,2,0.6707115062227444,26.98346374730833,1
2025-03-05 23:00:00,ST01,Urban,Passenger,45.55171326200315,49.582065138039724,23.774589690147085,0.31096091486802335,0.8118062519785231,0,0.4103474265166672,22.032054813600414,0
2025-03-06 00:00:00,ST05,Urban,Bus,63.965936741851266,16.142768922862334,32.14896057055768,0.16415365353746852,0.341585530468587,3,0.47835996227649646,33.567385378198274,1
2025-03-06 01:00:00,ST05,Suburban,Bus,65.13575343624514,27.79053696664313,41.52406241904969,0.38618278214392665,0.44564082200323796,3,0.6569656969893156,41.30906176137948,1
2025-03-06 02:00:00,ST03,Suburban,Passenger,70.8737074208979,42.99810544357395,28.795589875949393,0.3809194478551563,0.5223273582652546,2,0.8230725165083479,36.696627208473465,0
2025-03-06 03:00:00,ST04,Urban,Commercial,82.53785602742664,15.765044614963609,41.58429686373291,0.48678055693353905,0.31843106630899803,3,0.3745671375430405,38.83045747694402,2
2025-03-06 04:00:00,ST02,Suburban,Commercial,94.36605572082556,23.684619050794883,62.71122949260047,0.22007687372226578,0.8267958939626355,4,0.9167812247811112,64.92855906779053,2
2025-03-06 05:00:00,ST04,Highway,Passenger,48.26404593326852,32.67910793164947,19.92460855222584,0.4025781905470127,0.47162686772647777,3,0.3242721549306129,27.969894183035116,1
2025-03-06 06:00:00,ST03,Highway,Commercial,43.260885900919426,26.653466816379613,18.74410807666468,0.2736261044790516,0.43932448729521356,4,0.5308597753272042,35.1773164009124,1
2025-03-06 07:00:00,ST03,Suburban,Commercial,41.11187401566,25.677601995664286,21.269575742709414,0.323389116646454,0.779802439147466,3,0.9613618000356137,36.32526988732706,1
2025-03-06 08:00:00,ST03,Suburban,Commercial,48.61728268412897,21.312937909495563,36.51750668783476,0.42658154224022327,0.3495827213183188,1,0.9381989154256102,34.51027180536592,2
2025-03-06 09:00:00,ST01,Urban,Bus,79.47696914689756,31.39908474987163,56.1071211596975,0.18879801800759025,0.7539722756087688,1,0.6957450895277493,42.80852851347551,0
2025-03-06 10:00:00,ST04,Suburban,Bus,83.6486246797898,33.09677140656247,34.200798503199344,0.23714749581096597,0.19781828217707959,5,0.3245601944750087,50.6059714370932,1
2025-03-06 11:00:00,ST04,Urban,Passenger,87.19034281168733,34.398029340561315,52.37394211670967,0.40932346807903885,0.24623082669191973,1,0.21903503318400352,38.340446223626046,1
2025-03-06 12:00:00,ST05,Highway,Bus,54.62249271426056,8.16656485577132,27.850643341314694,0.3281831661151444,0.8606733329373878,3,0.08014335533354422,25.76036607588482,2
2025-03-06 13:00:00,ST05,Suburban,Commercial,58.3536887956912,33.3965379070422,38.48182228930993,0.13696916676202808,0.7739579926461664,5,0.7086544047393853,58.59846241079079,1
2025-03-06 14:00:00,ST05,Urban,Bus,68.98807873392997,47.895673045155476,47.50667791882421,0.2720743467114052,0.41031912116512503,2,0.5034506940020357,30.285290643907807,0
2025-03-06 15:00:00,ST03,Urban,Passenger,43.79098581161359,29.344380598763767,32.63063547362174,0.33465332518920654,0.6107651589736236,4,0.5722876939442573,38.88217836255099,1
2025-03-06 16:00:00,ST04,Highway,Bus,76.66849139267477,37.18701871291599,45.24717483000869,0.46380692657802103,0.8543761515447647,3,0.47239217392573785,41.65856504042646,1
2025-03-06 17:00:00,ST03,Suburban,Commercial,99.02410202054546,30.0529538491648,78.99945161720956,0.17539521997545549,0.2694871222912674,3,0.4829464335734429,53.49789480391638,1
2025-03-06 18:00:00,ST01,Highway,Commercial,61.64837868268015,43.46332783663904,48.8251733313926,0.42238118735099317,0.14720837617840055,4,0.5712736192049652,51.52443489501885,1
2025-03-06 19:00:00,ST05,Urban,Passenger,85.17084850548304,46.831239256890605,64.12229478079344,0.15224979323063656,0.5299744516042443,5,0.9142620061760377,69.90306967163225,1
2025-03-06 20:00:00,ST03,Urban,Bus,70.00203493417648,13.289895468336168,44.097627766729666,0.1968942640303229,0.21407750293087463,3,0.029366299468047696,33.779355146545775,1
2025-03-06 21:00:00,ST03,Suburban,Bus,47.66871066162297,24.658701645070696,26.65646574898226,0.19733755339604922,0.24985527416910014,3,0.8016367795731624,38.66184851174568,1
2025-03-06 22:00:00,ST01,Urban,Bus,74.93424692815518,22.65719454197246,40.89570426776367,0.45099167836353304,0.8132313517852635,2,0.3905162605582657,38.53725508961364,2
2025-03-06 23:00:00,ST02,Suburban,Commercial,57.9924561066439,23.23468054846754,23.47824005756459,0.17960707680599486,0.10592276691591307,3,0.7449242672829998,24.510757294145332,0
2025-03-07 00:00:00,ST04,Highway,Passenger,42.064192507207494,10.648588155254416,21.018206610838817,0.4147842907941637,0.7534560211710949,3,0.9485263292443564,35.86558873245436,2
2025-03-07 01:00:00,ST02,Suburban,Bus,78.09578380706463,41.61270766913237,53.692670528956924,0.284722613607848,0.5135606210684861,1,0.30628699352633515,36.775747217549664,0
2025-03-07 02:00:00,ST05,Suburban,Commercial,91.53594095948365,6.609480935672086,58.71598928661782,0.49963630711892437,0.5474355101162404,5,0.08955463674379893,50.66748898051358,2
2025-03-07 03:00:00,ST03,Urban,Commercial,60.68618601399245,28.77019734772206,46.52014138126543,0.4356365994608422,0.6374143683650899,6,0.23229843631492564,49.60840051370225,2
2025-03-07 04:00:00,ST01,Urban,Commercial,63.417732832766234,34.784527462011106,26.63601263670793,0.3958812537791272,0.44515599384640836,1,0.22209283111256262,17.100077333272473,0
2025-03-07 05:00:00,ST01,Suburban,Bus,93.46130097803268,14.336124712649474,43.189461728974294,0.4482905226608782,0.19248951055393182,2,0.741849417460254,38.0779360758758,2
2025-03-07 06:00:00,ST04,Urban,Bus,88.81652880204135,45.7632586444458,63.56576902034683,0.35361215704201343,0.18225617904385905,7,0.06185818172511737,63.64814661331816,1
2025-03-07 07:00:00,ST02,Urban,Bus,82.89716941310664,42.734714316115685,45.046574900879115,0.437460902611399,0.7034897593471541,4,0.05093357985573377,45.8104766680548,1
2025-03-07 08:00:00,ST04,Urban,Bus,54.927823825188874,26.19876782677664,24.571310186471063,0.20445073894458235,0.27682811461382795,2,0.6936085944838359,31.35241965986478,0
2025-03-07 09:00:00,ST03,Suburban,Bus,94.61299929799867,23.501701955306242,75.55606809500954,0.13908128444043,0.12248134689411537,6,0.5567196848760237,75.22486239619425,2
2025-03-07 10:00:00,ST04,Urban,Bus,49.26494545235278,15.645556634499501,35.219515468282864,0.34637280283466754,0.8836911112791529,4,0.41776754484320344,48.07840538854235,2
2025-03-07 11:00:00,ST01,Suburban,Bus,77.60623116503331,37.849695109023365,43.73083302012782,0.27387615706543444,0.8843132154885547,4,0.5753684069770452,50.8463364851072,1
2025-03-07 12:00:00,ST01,Urban,Bus,41.72807083279112,10.928470983438388,30.43390906831981,0.2705763181169728,0.4025130698750239,2,0.735247905968639,33.98636773256609,2
2025-03-07 13:00:00,ST05,Highway,Bus,78.62318837949675,35.610698922970236,52.853773868675795,0.31069914097201845,0.12041907564569057,3,0.10347137270677931,36.33842203697527,0
2025-03-07 14:00:00,ST05,Urban,Commercial,56.62866111240159,42.91056437532861,40.54554962377304,0.24455304462621702,0.6818117268741998,4,0.5532864159809425,51.59309452332136,0
2025-03-07 15:00:00,ST03,Urban,Bus,66.9806186310232,15.281220916266067,48.63345844493036,0.3504238125771316,0.7648096483885354,5,0.8244168329143053,63.89423807628571,2
2025-03-07 16:00:00,ST02,Suburban,Passenger,60.71587312342319,43.98923313044403,26.344099643197136,0.11222734693905197,0.20001095209264783,4,0.36242917057831237,35.150914072245854,0
2025-03-07 17:00:00,ST04,Suburban,Commercial,50.36540537477259,6.499543974777881,32.696674960270485,0.48795653675270534,0.20836689192738903,3,0.7630179876226391,34.93191854288582,2
2025-03-07 18:00:00,ST03,Urban,Bus,77.31884740563245,46.07543234239364,31.137399416324254,0.4698835968182282,0.7577791997574325,3,0.8454208391465091,42.795806757057235,1
2025-03-07 19:00:00,ST05,Highway,Passenger,92.91853330843645,10.32630025330841,38.78256959113256,0.4741080650327735,0.8375259109721879,1,0.8209291918201339,23.498906165132098,2
2025-03-07 20:00:00,ST04,Urban,Bus,97.5450545369442,34.05916300721147,74.2895335282414,0.24600139823348735,0.7326038693393196,5,0.6503564019858612,70.64011262207512,2
2025-03-07 21:00:00,ST05,Urban,Passenger,51.540781789234906,16.25371110112738,31.4927313726411,0.31275638306363995,0.26059595933562363,1,0.7173445183964586,35.40375697694789,2
2025-03-07 22:00:00,ST04,Highway,Passenger,83.0423664437784,42.64485760263262,57.66136352839067,0.4816522412230301,0.4292169755473768,2,0.7876751807147809,44.801644980258104,1
2025-03-07 23:00:00,ST02,Suburban,Passenger,79.86036199634094,28.053516241195993,58.729341850968396,0.4609384225710347,0.5806739406927313,0,0.733709309497632,37.912756502066166,2
2025-03-08 00:00:00,ST03,Urban,Passenger,60.60266737447435,11.085853606092561,47.260063356957275,0.4160977903604589,0.22823477905666298,5,0.4516801622865787,53.651982412569154,2
2025-03-08 01:00:00,ST04,Suburban,Commercial,41.14595196122355,30.69462070966903,30.766520991683123,0.262932635939037,0.26848199410600665,1,0.15912094287195555,27.1910649969601,0
2025-03-08 02:00:00,ST01,Suburban,Commercial,81.38747483877196,23.35471745886424,48.289189283565364,0.3257356892728694,0.32630885765484396,5,0.3097305998855272,52.772506130225224,2
2025-03-08 03:00:00,ST01,Highway,Passenger,96.72969163357001,34.765151747589556,51.69119834580905,0.41716498968665905,0.5076106162326692,4,0.20724656224205817,46.204493090811965,1
2025-03-08 04:00:00,ST04,Highway,Bus,77.92720731493908,44.685647814355676,35.986573504609154,0.2092047982160127,0.5086439097420381,2,0.3614441543250022,24.01168891405832,0
2025-03-08 05:00:00,ST04,Suburban,Passenger,66.11756345125805,23.42251090325383,37.034337788204994,0.3505797472912445,0.751435615478042,1,0.4893310801824282,28.881708516858488,1
2025-03-08 06:00:00,ST04,Urban,Commercial,71.50923364669771,18.044630579023682,39.08676345157914,0.43117372994074277,0.7024081605501005,3,0.959046671734246,43.78478498906719,2
2025-03-08 07:00:00,ST01,Suburban,Bus,51.977728459595056,5.653179253742396,32.42526305903931,0.3829819166931606,0.8309885400879536,4,0.9594627949892627,35.634429201800685,2
2025-03-08 08:00:00,ST01,Urban,Commercial,85.03264982522425,30.86775670369437,56.649071334187376,0.2917922524764003,0.7663213782596772,4,0.7695885209168566,50.987209891441005,1
2025-03-08 09:00:00,ST04,Urban,Commercial,84.78518980059094,23.10236453441451,67.09308040309514,0.3338433438220634,0.3031020386445238,2,0.9801402883633404,50.35976518417583,2
2025-03-08 10:00:00,ST05,Highway,Bus,48.731038023245496,21.859214855667293,33.69042118149083,0.49547021725831764,0.3650374154431999,3,0.9980158158244591,38.83823244175436,2
2025-03-08 11:00:00,ST05,Urban,Passenger,92.67870294997954,13.232089457789563,60.936192785097006,0.34079511785888406,0.5003385949060271,5,0.8852567477986434,64.17957779142512,2
2025-03-08 12:00:00,ST02,Urban,Passenger,56.15138436839831,24.352490533607345,29.986915377576906,0.4142471016074575,0.11141690765091568,5,0.07950358320613804,40.239634442734015,2
2025-03-08 13:00:00,ST03,Suburban,Passenger,98.9353636561969,49.299887911251574,40.93960689004292,0.39064190575106505,0.8231216050269772,1,0.4260441034642619,29.41647050842112,0
2025-03-08 14:00:00,ST05,Highway,Passenger,62.974180842234745,18.398936915250996,32.44744992476892,0.38059624621174526,0.1354753700498714,2,0.5341199810253421,42.86284292218546,2
2025-03-08 15:00:00,ST01,Urban,Bus,50.67304352406998,31.98669860336451,35.84505497201616,0.38654762204561743,0.35795301665330903,5,0.12408258561564744,41.95623086778959,1
2025-03-08 16:00:00,ST05,Urban,Bus,61.103206680739135,39.941909659205,29.458392202172114,0.2817639005125856,0.5553398329571254,3,0.8086306272431251,33.468648364302396,0
2025-03-08 17:00:00,ST02,Highway,Bus,66.41081972183159,38.712102042943926,45.48312858397603,0.2896640698072501,0.5142731108854927,1,0.1486834149487809,37.063369439788794,0
2025-03-08 18:00:00,ST02,Suburban,Commercial,44.15846638229769,19.794842937166585,27.904262027813235,0.28714509494431295,0.6235679142606998,3,0.38332877539298393,40.10512732198388,1
2025-03-08 19:00:00,ST03,Highway,Bus,74.69310287339738,32.48870375825827,35.011850290067564,0.11330184288504325,0.5220161402353672,4,0.06891217992788135,32.783946746648034,0
2025-03-08 20:00:00,ST05,Highway,Passenger,75.85794639213402,44.206910837157075,38.28170676906885,0.1964261321329294,0.2832011405624275,3,0.5245930879586429,45.45392272566601,0
2025-03-08 21:00:00,ST01,Urban,Commercial,84.33582732096833,5.695134247988507,50.47680092935126,0.16182560265995313,0.2608625502350975,2,0.597041446834684,31.97545432973499,1
2025-03-08 22:00:00,ST01,Urban,Passenger,41.750193537444595,24.608046057948844,23.68696737874742,0.45457800455890296,0.8257976552603988,2,0.7351768501606796,43.54720077421483,2
2025-03-08 23:00:00,ST04,Suburban,Passenger,72.4742928660298,15.092303820885737,51.560062867214654,0.2099877465811796,0.31117338938847405,2,0.339461488682953,48.08883614281768,2
2025-03-09 00:00:00,ST01,Urban,Bus,43.17444599623986,22.488453067947752,29.952783830044446,0.15537705378621616,0.3247817871036108,2,0.590531499603181,33.54138025972969,0
2025-03-09 01:00:00,ST03,Urban,Bus,82.0686531979992,23.719532358885875,51.68928354397553,0.147906772764354,0.4303623168802757,4,0.7341473396604719,57.47896727489915,1
2025-03-09 02:00:00,ST03,Highway,Passenger,43.34367914205907,38.600193415398664,31.593636161108297,0.3799959338208635,0.21155066171997916,3,0.762035148910024,40.63575366547457,1
2025-03-09 03:00:00,ST01,Urban,Passenger,94.70367090049797,9.221984257794942,59.196216762879644,0.10243332436598372,0.5058182755385924,4,0.3016418464500371,49.31937333269969,2
2025-03-09 04:00:00,ST01,Suburban,Commercial,82.1249540130698,28.06627564096297,64.53015094669834,0.28852176070260327,0.6320254093617051,1,0.06770393017812504,43.92043114447847,1
2025-03-09 05:00:00,ST04,Highway,Bus,70.44338590510942,30.38876563094354,34.298154779799525,0.14754844223927852,0.7288003936618935,4,0.03761947755155426,44.30606166962926,0
2025-03-09 06:00:00,ST01,Suburban,Commercial,66.4902353968705,27.237092159831196,45.58921590236562,0.4398653510543621,0.6691633934913833,1,0.7680602846925837,31.8389298171738,1
2025-03-09 07:00:00,ST04,Highway,Commercial,47.840357824795746,37.93429638782241,26.215446990985996,0.4833801425809833,0.21810877126421097,4,0.3854389171812458,36.80208483707632,1
2025-03-09 08:00:00,ST04,Urban,Commercial,57.45996337387979,22.270606515808133,29.395740275125906,0.4835018464859615,0.4648537159767392,1,0.13394266280335154,14.871390236474838,1
2025-03-09 09:00:00,ST01,Highway,Passenger,92.13754630125378,47.52351786380343,43.50320228815809,0.2767856435787077,0.13086896064654274,2,0.1844889355212722,33.35824833777631,0
2025-03-09 10:00:00,ST02,Highway,Commercial,94.26716869374962,26.68115491425236,58.54004283775187,0.35780592977391856,0.11423839737675943,7,0.7661504748031235,70.59346214545997,2
2025-03-09 11:00:00,ST02,Urban,Commercial,40.044862502231865,30.70462593266589,19.46932252404317,0.33988165460429787,0.45210433461904054,2,0.5989020006907649,31.986125278813514,1
2025-03-09 12:00:00,ST04,Urban,Passenger,75.64818348865307,42.148887050603726,36.321744584451984,0.2400155605543812,0.30236839556610323,4,0.5014031661635708,51.179107620429214,0
2025-03-09 13:00:00,ST01,Suburban,Bus,83.15803654150682,17.385624766900513,66.21148995999813,0.2776257965682125,0.6466886358986902,3,0.6230075856245326,49.01753164582502,2
2025-03-09 14:00:00,ST02,Suburban,Bus,77.12481894745638,8.384091294326112,55.583777325310606,0.1257294788933143,0.67939262945073,2,0.1374995541574241,43.012571277915086,1
2025-03-09 15:00:00,ST01,Urban,Commercial,44.900785891981236,36.85027902631171,31.39960127446219,0.41827961306859496,0.8163229796466046,2,0.31904224291015704,33.288513428229884,1
2025-03-09 16:00:00,ST01,Urban,Passenger,53.06349392793413,26.73553349967704,38.07965005115012,0.19632140486184763,0.708546010831231,2,0.37406351738507215,24.04112336303548,0
2025-03-09 17:00:00,ST01,Urban,Bus,55.02041604288316,45.342691293154765,43.33238226734173,0.28421093245455054,0.13859529850923336,3,0.3144977693797888,44.63619418423195,0
2025-03-09 18:00:00,ST05,Highway,Commercial,89.90347787830538,49.22060219250953,56.57721839351087,0.2922482934466576,0.3972984082862142,3,0.8644163121349362,44.54216286615059,0
2025-03-09 19:00:00,ST01,Highway,Commercial,67.79196617853523,22.959920775862813,33.08909266658377,0.3242846956605273,0.3184186814016977,1,0.5814211446526173,24.802645676792046,1
2025-03-09 20:00:00,ST05,Highway,Passenger,69.20969271647421,23.694755731684737,51.553182804075,0.427150655155236,0.40890595986172895,4,0.7293214074838936,48.56475499120152,2
2025-03-09 21:00:00,ST04,Urban,Commercial,96.09358279327051,23.35831709925769,66.98609585486933,0.37675241847349994,0.22806052717496128,4,0.23670608987569652,48.00453619840056,2
2025-03-09 22:00:00,ST02,Suburban,Bus,78.22515333128294,19.604934937891677,44.25379383601948,0.36522521965167687,0.17816328295247477,4,0.2640740372957504,50.28659584298792,2
2025-03-09 23:00:00,ST02,Urban,Passenger,93.92006209315983,40.17591939948788,55.35909552188687,0.3106981983219759,0.5167876340067206,3,0.22533598307814628,40.22189575259288,0
2025-03-10 00:00:00,ST02,Highway,Bus,67.39053132049197,39.15480931208275,38.04201958432386,0.138382301978636,0.6763050486931155,1,0.6879795776455575,28.919354843931764,0
2025-03-10 01:00:00,ST02,Highway,Bus,48.96617551109765,26.539019174773617,37.80075461761615,0.2608033886603446,0.6615287215455543,7,0.3490409956905184,57.35668307295953,2
2025-03-10 02:00:00,ST02,Urban,Bus,95.79613564444514,7.009754737050444,51.48205459907623,0.48292674051622086,0.4607554577409817,2,0.4050841324041631,43.50680613907514,2
2025-03-10 03:00:00,ST02,Urban,Commercial,67.52230694005229,18.930168568088305,53.0315952541557,0.498219230115301,0.5178231890311569,3,0.709121607838861,43.763844083117874,2
2025-03-10 04:00:00,ST02,Highway,Commercial,50.897885312729315,18.15363709496769,38.89151741177113,0.3921992584403673,0.5130629780069131,2,0.9717987018832055,41.60119152913706,2
2025-03-10 05:00:00,ST04,Highway,Bus,58.143744418235336,41.498926079011625,37.921841825362776,0.191005985229858,0.653256302214445,3,0.16187531373331798,34.424775647886236,0
2025-03-10 06:00:00,ST01,Highway,Bus,43.048155381336535,8.940900803727862,27.20336526529224,0.1407562584013584,0.13834014076481926,2,0.06267626823480343,19.18807378308947,0
2025-03-10 07:00:00,ST03,Urban,Passenger,68.0980354873831,41.255392056921686,37.320155366035216,0.26590574361847974,0.6679168870969792,5,0.19484593196746092,50.71107606072696,1
2025-03-10 08:00:00,ST05,Highway,Passenger,91.1876903146142,35.11326434896144,37.14397026103451,0.44262876094373427,0.56576072060583,1,0.7349606849632783,41.31387232979009,1
2025-03-10 09:00:00,ST03,Highway,Commercial,96.01482736040137,37.959865660870214,43.307418221681445,0.38874569595800024,0.2584869717372594,3,0.19462729104901633,39.619694475685456,1
2025-03-10 10:00:00,ST03,Suburban,Commercial,95.95613245021863,24.449593441326055,67.33170128466064,0.45355689501644203,0.1392470829970116,2,0.5843524026248863,46.46452853403467,2
2025-03-10 11:00:00,ST01,Urban,Passenger,47.5138015377248,35.58766082007912,27.967386211803408,0.3463105258790609,0.18682223244631074,3,0.5903165364989821,31.208341291796643,0
2025-03-10 12:00:00,ST01,Suburban,Bus,62.92323295066342,32.40630251181121,28.940613109226284,0.15213134583587695,0.5197530731354157,1,0.2944231002970811,26.4466640836838,0
2025-03-10 13:00:00,ST01,Suburban,Commercial,41.69372557904238,39.604108785288325,21.0796947979305,0.14591838679926564,0.7067268240730263,2,0.06872627987662872,21.29471246044746,0
2025-03-10 14:00:00,ST02,Highway,Bus,91.30992069828837,25.104642551071347,71.14273314329176,0.11920092105205171,0.367725829699601,2,0.3992005174516047,44.251739302748426,1
2025-03-10 15:00:00,ST04,Urban,Passenger,61.52534572127642,26.277153120333608,33.645328135749175,0.3268319882294124,0.4032991285641774,3,0.1867854222565356,25.224569849457772,1
2025-03-10 16:00:00,ST02,Highway,Commercial,77.86702167353408,33.96093002329191,59.41820454983579,0.19715449464991563,0.84731713203689,3,0.18447321026652408,48.459906102867826,1
2025-03-10 17:00:00,ST04,Urban,Commercial,82.89390628463732,9.863487214987472,43.25854416708943,0.39375345654198024,0.2704104672260608,2,0.522588871028741,30.528497095057777,2
2025-03-10 18:00:00,ST04,Suburban,Passenger,65.79068018458932,24.631000176394277,40.61179987317665,0.374499974343003,0.18299953966028132,3,0.6731211380977535,40.02427699224446,1
2025-03-10 19:00:00,ST03,Urban,Commercial,58.38654019301458,48.73778803669125,23.832850497510904,0.2272442969633268,0.37472809104001437,2,0.075415052266528,30.81414253628087,0
2025-03-10 20:00:00,ST03,Highway,Passenger,97.73277460695668,6.689854402702053,59.49483085683125,0.17072066658562574,0.6967376955938189,1,0.5783213986425009,36.374935605189556,1
2025-03-10 21:00:00,ST04,Highway,Commercial,97.86929350143126,19.220212528987723,64.0825432325099,0.1409601399184005,0.6008618328449055,4,0.24620164344846074,59.77170082973367,2
2025-03-10 22:00:00,ST04,Highway,Passenger,57.36618208180131,19.134941859021684,28.322948429228962,0.3949261095252389,0.4326363514956554,3,0.6732980610196827,30.78843812364774,1
2025-03-10 23:00:00,ST02,Urban,Commercial,68.77750580466748,33.50588536560977,43.438144320667696,0.2801763981703733,0.8718020262654644,1,0.8102158362023667,39.194671393362604,1
2025-03-11 00:00:00,ST02,Suburban,Bus,98.37064951960134,9.761016174086295,64.81318544176403,0.22941196567125557,0.6879971506356586,6,0.8070136356658838,73.35241776368997,2
2025-03-11 01:00:00,ST03,Suburban,Bus,40.29210445933019,33.28448138954875,27.187276032459035,0.4426612063225249,0.14948913950663503,0,0.3698613582407343,19.73314459278747,0
2025-03-11 02:00:00,ST01,Urban,Bus,64.76069490274895,9.276810829322873,46.01644542468125,0.33744528662775364,0.6957051550832387,3,0.5672696738775443,40.637624125227354,2
2025-03-11 03:00:00,ST04,Highway,Commercial,46.02745298085811,9.272914133824894,24.143042138355117,0.3072009345586338,0.11923084472468669,3,0.7936951838373802,38.19291513335023,2
2025-03-11 04:00:00,ST02,Suburban,Commercial,70.54947793375615,37.7682510734817,44.24233831713687,0.3973516659902463,0.6202586584939244,4,0.06081026148047719,44.60217444339608,1
2025-03-11 05:00:00,ST03,Highway,Bus,41.48019727242923,19.586082822475834,32.87851562621772,0.42623325609411533,0.268386269034127,3,0.6056243361723621,46.93521664342313,2
2025-03-11 06:00:00,ST02,Urban,Bus,64.41390588343768,48.98403264711865,48.90675198496852,0.3744292621690878,0.6571537672300461,5,0.8365219838244456,54.738825108581906,1
2025-03-11 07:00:00,ST04,Highway,Passenger,53.24194448712011,6.680882139599972,41.58548172989274,0.2760025274397411,0.34782365331823695,6,0.37235699790152643,60.946266721255505,2
2025-03-11 08:00:00,ST04,Suburban,Passenger,71.99850174752444,25.029799867309734,39.91989756470664,0.25171951706887497,0.798405046364452,3,0.4554081139812868,35.010885097210895,1
2025-03-11 09:00:00,ST05,Suburban,Passenger,99.75961894604198,10.091117195331064,71.30530677128942,0.4086659753090809,0.36953106927316837,5,0.6987280685593499,66.44595875023921,2
2025-03-11 10:00:00,ST01,Highway,Bus,88.03216630760485,20.81205350411489,57.04125035628616,0.30716286425611444,0.5957566843234375,2,0.06788471186569878,36.00693107236964,1
2025-03-11 11:00:00,ST05,Urban,Bus,90.73852549746528,49.92001027740728,39.29831397657734,0.38175443140695053,0.32874204772319066,5,0.38563596042062553,46.028308034725214,0
2025-03-11 12:00:00,ST03,Highway,Bus,78.11589924154485,44.99791302823393,56.99274731917884,0.4561595156322208,0.8337772361137427,3,0.29571077022384895,45.66658312099255,1
2025-03-11 13:00:00,ST02,Urban,Passenger,42.49359089633551,7.1745983984928605,28.506422211700787,0.46635625389468127,0.724796784822538,2,0.016994249587130805,31.631895432158224,2
2025-03-11 14:00:00,ST03,Highway,Commercial,52.40786056264865,30.346512972155754,25.133077521446005,0.21108625569622907,0.2946423010756825,3,0.19597266123326007,31.809479946769812,0
2025-03-11 15:00:00,ST04,Suburban,Bus,95.5038733868233,34.1520037170996,41.24768579184581,0.17515598010900565,0.8590373700469277,1,0.3958835655888493,35.75306770421781,0
2025-03-11 16:00:00,ST05,Urban,Commercial,61.96678707572507,14.429058077755656,45.53374368931197,0.20451494413473514,0.3857260716609826,0,0.19742870840057092,24.81403779226187,1
2025-03-11 17:00:00,ST05,Urban,Commercial,46.218203588847736,11.529750802840262,19.945961763121847,0.4005487082142011,0.62149195813375,1,0.6023983181945565,27.410640436844773,2
2025-03-11 18:00:00,ST05,Urban,Commercial,82.14432195197212,45.69715105994855,35.859409312075925,0.2480232144184641,0.6942825848915171,5,0.44865260733630896,48.55127543893657,0
2025-03-11 19:00:00,ST03,Suburban,Passenger,57.967463436055276,48.596739866751946,33.09729509496626,0.1693557123365319,0.11832172917192985,1,0.0394812947733848,17.997184253034177,0
2025-03-11 20:00:00,ST04,Highway,Commercial,56.1314147742503,49.63517857938388,25.47912303677288,0.13935419700278773,0.867173876925797,5,0.27504026431251694,45.76996732665364,0
2025-03-11 21:00:00,ST02,Suburban,Bus,99.87864733349562,40.53927981805855,76.45389233432557,0.23092527553187514,0.37555304486989194,2,0.019476770379214026,55.84122461122258,1
2025-03-11 22:00:00,ST02,Urban,Passenger,91.48833550159927,34.85759312323657,53.805532017385204,0.15445457614020452,0.2518231147449794,0,0.35813517989447596,33.67570264176574,0
2025-03-11 23:00:00,ST03,Highway,Bus,64.47626910207046,20.557861348684906,40.46920035618477,0.1625494450133228,0.7805662333827985,5,0.25911001774583353,51.98010015835728,1
2025-03-12 00:00:00,ST05,Suburban,Bus,98.81567246898994,12.712924054613861,76.21083992933269,0.37355358937850813,0.6623194262587315,1,0.6881867821684616,56.38305322087007,2
2025-03-12 01:00:00,ST01,Urban,Passenger,79.00679340515282,8.554126971480427,48.3604762094047,0.10789283826736212,0.16939461809868206,1,0.30740692559653227,30.904065690112713,1
2025-03-12 02:00:00,ST03,Urban,Bus,84.5213471127856,36.198386084817145,45.76293883850071,0.1470213046501752,0.19363566510141564,3,0.375158664584364,38.043332003798206,0
2025-03-12 03:00:00,ST03,Suburban,Bus,41.890782584932694,40.31255368307112,30.11369352365309,0.4377461964852386,0.6721534965229192,8,0.7253339318632086,64.12367513636832,2
2025-03-12 04:00:00,ST04,Suburban,Passenger,47.29631556088343,42.1904143604741,27.296599298748216,0.43796563400730126,0.15982660476726718,0,0.48091767590865286,27.0897323682683,0
2025-03-12 05:00:00,ST02,Suburban,Bus,77.9851075897743,46.119425148670935,41.12839200376949,0.23169739150543078,0.8337403480992521,7,0.5564543785958399,62.63468801862376,1
2025-03-12 06:00:00,ST03,Urban,Commercial,93.94143895896903,44.59683036372681,64.75306199915563,0.13518120334749162,0.6932321095581065,5,0.8413466637474486,68.93853028291636,1
2025-03-12 07:00:00,ST03,Suburban,Bus,77.42462356525573,49.98835725161417,55.79545652991708,0.3819881335228824,0.3683937647735911,2,0.20688830545736836,40.340261513999394,0
2025-03-12 08:00:00,ST05,Urban,Commercial,48.041493659139505,15.982880493526308,34.43068836159101,0.24405267510954975,0.3903510233802706,2,0.9891855285275903,38.580064089730115,1
2025-03-12 09:00:00,ST05,Suburban,Bus,46.94560277477948,39.348842684549474,37.13724698541242,0.11818585088197034,0.5051968769632812,1,0.900105091840394,29.929583803333493,0
2025-03-12 10:00:00,ST01,Urban,Passenger,90.6511537494449,31.390678056865895,64.78536811260635,0.1631307925199194,0.3887755309188322,2,0.286552828601061,47.99954908648345,1
2025-03-12 11:00:00,ST04,Urban,Passenger,48.35814032247486,16.75603096041121,34.23627578281866,0.15488592478560972,0.7267748411506526,5,0.89293841762056,55.43644340420449,2
2025-03-12 12:00:00,ST01,Highway,Bus,71.21391763024153,49.185739502912426,52.911520743583786,0.3356465375310649,0.8797895552812925,2,0.7539561582968135,36.482744868908355,0
2025-03-12 13:00:00,ST05,Suburban,Passenger,42.22679919773814,45.40541471484135,16.89384776091647,0.4592470334414246,0.5676172123505545,3,0.9307564719621517,25.248779378598186,0
2025-03-12 14:00:00,ST02,Suburban,Bus,44.840186043470645,10.78320507998524,24.43667117965116,0.417228813329383,0.4568298621340231,4,0.6911351881257458,30.360378311638215,2
2025-03-12 15:00:00,ST05,Urban,Passenger,80.34089605857189,6.177125404553893,55.840235891821685,0.31860641800689204,0.27821931221457374,2,0.6744773829841586,52.04217776982771,2
2025-03-12 16:00:00,ST04,Urban,Commercial,81.35088462565099,35.97488430497046,52.05542268251707,0.26886206597099205,0.6227467353982401,0,0.003464409097531318,21.43838799726385,0
2025-03-12 17:00:00,ST05,Urban,Bus,60.48816439650655,32.18587829854408,28.491667553561896,0.34747068362754596,0.6484614894523177,3,0.4746115286750564,35.75058627570981,1
2025-03-12 18:00:00,ST04,Highway,Commercial,52.936585914582686,47.111703085001565,27.606071472088026,0.2775250963920324,0.648152485611491,4,0.20026860617842301,44.73080124557809,0
2025-03-12 19:00:00,ST04,Highway,Commercial,88.82261624543847,15.530237922216642,47.49496683755346,0.19843964903052638,0.12158802869479386,1,0.3240814591690073,33.65091712522182,1
2025-03-12 20:00:00,ST04,Urban,Bus,53.02619376819342,8.797457655274417,33.254382887297574,0.3716789821409119,0.8192976805283768,4,0.9788156339963415,48.98681503907567,2
2025-03-12 21:00:00,ST04,Suburban,Commercial,72.52162417998278,16.66469001973939,53.13219332127858,0.4492975782965284,0.3704852507433414,3,0.08550195782617664,38.20549037613474,2
2025-03-12 22:00:00,ST04,Suburban,Bus,98.09253045177434,5.851743823015855,75.82520350225826,0.24914813227234422,0.6953326099852872,2,0.7224864704537926,56.80352133684387,2
2025-03-12 23:00:00,ST02,Highway,Commercial,48.87114627174303,6.615173803501959,34.21160891905515,0.4366153870765348,0.7078455256802559,5,0.17294484187087322,38.85977058864325,2
2025-03-13 00:00:00,ST01,Highway,Bus,96.45257604968253,46.16860126643418,71.10292506572834,0.2724328185933962,0.6204439830497916,5,0.007401339496148296,51.108918699380446,0
2025-03-13 01:00:00,ST03,Urban,Bus,50.973583184120116,20.840746212584524,29.97442345070686,0.2605343772397704,0.4158932185154337,1,0.5014187088479004,25.26310840528429,1
2025-03-13 02:00:00,ST01,Suburban,Passenger,74.04659248139377,23.486405045435628,41.163250693108125,0.11132974301881107,0.5867073734532204,0,0.1612152987596931,23.7978591383294,0
2025-03-13 03:00:00,ST04,Urban,Bus,62.620462717524674,5.826724454214698,34.88482108540618,0.37811156054696415,0.13215895300630126,3,0.9654662559815771,39.4551554103041,2
2025-03-13 04:00:00,ST02,Highway,Bus,97.89571609010954,17.1734801077331,63.28129958441876,0.42300101004552915,0.709516633750325,2,0.20369673710929614,39.94449324964741,2
2025-03-13 05:00:00,ST05,Suburban,Commercial,56.41252174011622,41.212669268364394,25.368411037281486,0.3654227678234244,0.17967091866267115,6,0.19203527403486786,43.53740244953979,1
2025-03-13 06:00:00,ST02,Suburban,Bus,63.979480125145216,32.69709318500236,40.42208667024481,0.16054438055677742,0.41740074063968136,4,0.03216692466083815,36.89903021418914,0
2025-03-13 07:00:00,ST04,Highway,Passenger,98.97160707132522,38.92012704888869,65.92035006386224,0.14131738702105726,0.18289503013197328,3,0.3298196386789113,54.96937882757105,0
2025-03-13 08:00:00,ST02,Urban,Commercial,72.18822347130839,25.124618335720328,41.54890627713072,0.3291435006474158,0.7696595566552756,2,0.024111674928999127,33.249801542030625,1
2025-03-13 09:00:00,ST02,Urban,Commercial,70.15780693727521,18.93781497880985,54.811970281653785,0.2606065016738408,0.5402419147487674,2,0.49888663524312704,50.53505734528485,2
2025-03-13 10:00:00,ST04,Suburban,Passenger,55.46670929223948,26.726454199776665,35.680919223599616,0.27163911339423585,0.652764096135418,6,0.5056106428274088,51.11902520958799,1
2025-03-13 11:00:00,ST02,Highway,Commercial,82.08181361862648,19.5381980782588,40.05590771797974,0.4871200986972031,0.6460657358740904,1,0.053243287063985956,25.909498067139648,2
2025-03-13 12:00:00,ST03,Suburban,Commercial,40.862377106666656,42.75369935033306,24.17771701342418,0.38956906847722617,0.7732849853268036,2,0.24006227698741622,25.357379781511405,0
2025-03-13 13:00:00,ST03,Highway,Commercial,42.97075778213761,18.395317201678058,28.797359302103725,0.2647150956831027,0.20605552267610774,5,0.8321064851443517,45.85477350047382,2
2025-03-13 14:00:00,ST02,Urban,Commercial,75.96151522814816,34.68936382038877,40.21794956129619,0.10763971193668596,0.6277825123239074,0,0.46254477292536644,14.81697892511811,0
2025-03-13 15:00:00,ST05,Highway,Passenger,60.50047442910724,11.164200003928752,26.127531757555726,0.11363827914130811,0.560107243522926,4,0.43461004158577166,39.62931719488656,1
2025-03-13 16:00:00,ST04,Urban,Passenger,97.19898233205762,35.90899221807095,61.563332912885514,0.37392147825834254,0.12471769805705231,2,0.6987769473617982,59.443544386794976,2
2025-03-13 17:00:00,ST03,Highway,Commercial,94.19144144336714,46.09848702200152,73.38907957072891,0.4350955038071056,0.261138327058242,6,0.7148819434892723,78.84013627921829,2
2025-03-13 18:00:00,ST05,Suburban,Commercial,82.82237552060244,32.38624195879588,49.198875865375946,0.3830810518198735,0.31405723310257666,0,0.7619626007956865,42.009997730267294,1
2025-03-13 19:00:00,ST02,Urban,Passenger,89.08873486766808,30.193492101551474,67.92513860584741,0.2623551010418902,0.15804510034333294,2,0.8304823250861944,56.751374358312134,1
2025-03-13 20:00:00,ST05,Suburban,Passenger,80.03991098006159,48.25032206097381,58.75004986383344,0.11245429517222783,0.38377584471904125,2,0.23225064640236948,40.93769392574241,0
2025-03-13 21:00:00,ST01,Suburban,Passenger,47.53492616260964,33.23284498921309,21.81687277923032,0.4869606520940919,0.12176200697238056,3,0.06638060727935102,29.58015414051256,1
2025-03-13 22:00:00,ST03,Urban,Commercial,85.93260218135217,16.679769497288717,58.71499454049901,0.49453442486323473,0.5425467938061836,3,0.3802648786133209,53.50961046063838,2
2025-03-13 23:00:00,ST02,Urban,Commercial,52.61151812313078,18.15759607314832,30.208808194981536,0.3197458205777075,0.26920076846382984,6,0.8550979106231523,45.6521135252454,2
2025-03-14 00:00:00,ST04,Suburban,Bus,59.406571306011806,36.73879891411673,29.70913898872476,0.12826838587804223,0.3296024844073589,3,0.07802866428556798,32.85896387209765,0
2025-03-14 01:00:00,ST02,Suburban,Passenger,89.15405272614521,38.09464672514839,60.15895644274638,0.31638900236578676,0.8283773009370273,0,0.5759537988029502,35.34685235440714,0
2025-03-14 02:00:00,ST04,Suburban,Commercial,72.1915365036069,18.657330430505684,50.32214195371475,0.45693538808832335,0.5022534792988204,3,0.7010829491413934,54.55912388597533,2
2025-03-14 03:00:00,ST02,Suburban,Passenger,91.59644285100455,20.54047900668486,43.229722291642524,0.37199420405128547,0.3152111449955327,2,0.4814072132822972,38.29055910910878,2
2025-03-14 04:00:00,ST05,Urban,Commercial,52.78211919059585,49.59754289325892,40.41937895683727,0.38799569241308973,0.578769406598453,3,0.25517544360660804,25.4599218829292,0
2025-03-14 05:00:00,ST05,Urban,Passenger,76.46670631641322,9.587864731112486,53.561784808012504,0.13398793497289974,0.26133714789399654,3,0.32630948182336295,47.243418246062305,2
2025-03-14 06:00:00,ST05,Suburban,Commercial,45.0274583528957,23.20902627980447,34.82199390724958,0.14260465481272058,0.1595165486113479,3,0.07165209798358607,22.818260165067954,0
2025-03-14 07:00:00,ST01,Highway,Bus,78.58365961240179,7.810138903887836,41.40017340317452,0.15093951055035412,0.11672508352021493,3,0.2925835473386801,44.99646425677202,2
2025-03-14 08:00:00,ST04,Highway,Bus,85.75204226653209,41.94852628992085,66.52077529558332,0.4617507334643971,0.8612232363010051,2,0.0443780075612743,39.86472672236474,1
2025-03-14 09:00:00,ST05,Urban,Passenger,75.0958536387233,9.155562752544451,41.108000694015786,0.31033985450552537,0.6796886593144931,2,0.7263249981339686,32.16352133733822,2
2025-03-14 10:00:00,ST01,Suburban,Commercial,55.97389008992862,35.330331040822,23.597915033698047,0.4166300385571965,0.7399585186339059,1,0.8979952785116864,21.92366314440631,0
2025-03-14 11:00:00,ST04,Suburban,Commercial,41.880560131532,7.541754080156693,29.533658197551386,0.1461165039534401,0.8847341825430656,3,0.633513128453593,31.633589179422444,1
2025-03-14 12:00:00,ST02,Urban,Passenger,47.16693303785715,35.278476701436105,32.13970182466363,0.471057082203438,0.8453029627307517,3,0.6567032229331867,36.85833233713632,1
2025-03-14 13:00:00,ST01,Highway,Commercial,77.33817874444156,42.93666261174665,49.43181037494784,0.4284568365988841,0.6895305589100127,0,0.4721423371403862,25.134789408076276,0
2025-03-14 14:00:00,ST03,Highway,Passenger,96.06521301055082,22.94696871158258,57.25078396694114,0.18990565791014247,0.6551896558554555,3,0.15603644920510806,43.68163164898,1
2025-03-14 15:00:00,ST01,Highway,Commercial,52.39206423832039,28.49569220444796,21.630907658922652,0.4496728933175814,0.3694799975483013,1,0.0077251412533696495,10.0,0
2025-03-14 16:00:00,ST01,Urban,Passenger,84.10156894630592,23.069378210237712,54.65247110348055,0.20537710375872373,0.1832138014360817,3,0.34397599761057107,44.5077710872662,1
2025-03-14 17:00:00,ST04,Highway,Commercial,91.98706379494249,18.52199413846875,52.13218245495277,0.1821359517356226,0.5589780386940608,2,0.7514885573709561,50.6939135046999,1
2025-03-14 18:00:00,ST02,Urban,Passenger,71.25293070685066,41.14685302822077,44.46779698467097,0.20569757472488495,0.5610026360708739,4,0.9604315793155815,49.59528552264456,0
2025-03-14 19:00:00,ST03,Urban,Commercial,80.15594775061948,17.240115817894534,45.82744272224127,0.46398202530904376,0.8617898283325952,2,0.43108492574189905,40.34530445937649,2
2025-03-14 20:00:00,ST05,Suburban,Bus,88.90091900056889,37.53245409752512,69.91367880381227,0.4662367942059479,0.4540566453293675,7,0.365391012333533,67.32929466517851,2
2025-03-14 21:00:00,ST05,Highway,Commercial,55.64050946443562,14.278868566484102,35.701374598587655,0.23159830987518754,0.6526460994448546,6,0.44595850633138123,55.20875269281652,2
2025-03-14 22:00:00,ST01,Urban,Passenger,57.81374045608258,16.24342082352483,40.451958085520516,0.38217367403782054,0.5599765019173775,6,0.42777489580419314,60.191649147774044,2
2025-03-14 23:00:00,ST04,Highway,Bus,40.037650997707374,20.140752315974552,31.0107133173293,0.3702981020656734,0.24140818328083943,2,0.625879832998645,38.8902149047225,2
2025-03-15 00:00:00,ST04,Highway,Commercial,97.78564785386814,31.51203698272047,62.25422836607651,0.42262505285216134,0.5736514462039334,2,0.7341473970980933,49.47232665718137,2
2025-03-15 01:00:00,ST05,Suburban,Bus,95.05269367578069,25.449004362179352,38.479707394924795,0.21860380005685243,0.532093367490256,2,0.7849580232545802,40.44664778552257,1
2025-03-15 02:00:00,ST03,Highway,Commercial,85.87409582556582,38.53151644225192,35.52754507792992,0.30405541676416076,0.4951247951274844,0,0.6496048094347479,17.857226401303862,0
2025-03-15 03:00:00,ST02,Suburban,Bus,44.744561258598885,14.610528515128655,30.468154539015224,0.3670695804033147,0.5107383469187798,3,0.4377239587873579,32.69426754400487,2
2025-03-15 04:00:00,ST03,Urban,Passenger,66.85017338197049,5.480252953197535,34.20282524880586,0.11050272752396242,0.2311903775670964,3,0.9501037555515385,37.60103180511045,1
2025-03-15 05:00:00,ST02,Highway,Commercial,46.11350523829317,39.9450862303349,29.13229413212547,0.2506954981323819,0.4707821849845343,2,0.7110196963712663,33.31860814224025,0
2025-03-15 06:00:00,ST05,Urban,Commercial,40.95521603576792,41.97422002460326,19.695808674576966,0.3783553430714276,0.5845226174572774,4,0.42665804084617753,31.473408645340484,0
2025-03-15 07:00:00,ST02,Highway,Passenger,76.97097791275584,7.676607339877529,39.10891924243126,0.20103803724765337,0.4915593589484315,1,0.4465817770955044,32.454217132066965,1
2025-03-15 08:00:00,ST04,Urban,Bus,97.6497650248113,32.49083849712784,58.77113822400541,0.4830816428025949,0.4909489561009178,3,0.8179808499290154,64.90832925685812,2
2025-03-15 09:00:00,ST01,Highway,Passenger,94.172081405929,22.019305274288506,74.41739533049459,0.11206454860273558,0.16201416783438863,3,0.4405408877224377,59.72198033818023,1
2025-03-15 10:00:00,ST01,Highway,Passenger,81.80528889612427,40.725304483753256,52.88778972161521,0.4832348750349692,0.25261932161337575,5,0.5162736227790912,63.664921005301686,2
2025-03-15 11:00:00,ST05,Highway,Bus,45.798435049892284,44.348654938841534,35.4690212846047,0.18670554720416002,0.3567781542204006,4,0.29155229191962406,34.72727075830834,0
2025-03-15 12:00:00,ST04,Highway,Passenger,56.44984226033801,43.29516950587621,44.2426734832909,0.119528816770148,0.43547759514072526,4,0.8389148338852985,50.08563441385838,0
2025-03-15 13:00:00,ST03,Highway,Commercial,59.20340361311746,39.97419113078835,28.609689490850077,0.216989613289423,0.5751499550868834,3,0.52228548030332,35.61197675814748,0
2025-03-15 14:00:00,ST04,Highway,Commercial,85.78900346473367,17.10735029339733,44.994397002057966,0.4145129229160901,0.7906760836184485,2,0.5525359383894278,38.347836373896136,2
2025-03-15 15:00:00,ST01,Highway,Commercial,88.13495075410685,41.53503396057425,62.399273016143894,0.4009768025792213,0.22733179047092317,4,0.8806754027133988,69.22304782526022,2
2025-03-15 16:00:00,ST01,Highway,Passenger,63.10636737939522,29.006531415783172,47.1218779756911,0.18353616656911684,0.11207042416855595,5,0.9205172678472096,54.04668143160228,1
2025-03-15 17:00:00,ST04,Highway,Commercial,65.07303979705658,7.374047667444087,39.54428095415914,0.17871605343671979,0.4593897046207326,3,0.82419379666652,44.62969858199416,2
2025-03-15 18:00:00,ST04,Urban,Commercial,42.67054235657028,25.562248245421202,34.02081493204587,0.35703196632181633,0.44568231792930246,2,0.06537041297730839,15.52177283731819,0
2025-03-15 19:00:00,ST01,Suburban,Commercial,57.34820310512566,47.397106266349695,23.204739163886316,0.28323307587029223,0.5415209747961379,1,0.4435091017801145,23.160826126561897,0
2025-03-15 20:00:00,ST03,Highway,Commercial,67.0771106306584,44.95367073809987,34.869168133392265,0.41691598133236096,0.7665774170972005,2,0.3433309391524254,33.397472737793144,0
2025-03-15 21:00:00,ST05,Suburban,Commercial,47.018982783115455,9.601892644870222,30.52776582141116,0.10965311147702145,0.7418884407859824,2,0.21351478132911872,27.137773407400335,1
2025-03-15 22:00:00,ST05,Highway,Commercial,67.19604764530128,38.48570085714666,39.49218994404623,0.34416474430422844,0.18003462754400898,0,0.9089538758457859,30.81214131537193,0
2025-03-15 23:00:00,ST04,Highway,Passenger,91.19054873546801,41.260678968120565,40.72945489131748,0.3922688048959504,0.847196293341339,6,0.8900689583145038,56.44297007007954,1
2025-03-16 00:00:00,ST05,Urban,Commercial,74.8792611835032,17.212468470654414,40.967554566848705,0.4973544448114676,0.18833151573955575,2,0.4652978832832506,29.02915839840845,2
2025-03-16 01:00:00,ST01,Urban,Commercial,44.73579130230474,26.222385683349152,18.34967575759658,0.3715126776947387,0.6076564068273889,3,0.1345608506728635,20.57774453212087,1
2025-03-16 02:00:00,ST01,Suburban,Bus,51.50027912981646,36.99445736586573,33.840751964911696,0.19273806261998652,0.6379250348764606,3,0.013365620331787453,27.79120209175685,0
2025-03-16 03:00:00,ST04,Urban,Passenger,68.47266100951337,24.756866996951654,51.8404474099495,0.14327447795201553,0.6439019897784706,1,0.43846708056481876,28.843136465787346,0
2025-03-16 04:00:00,ST04,Urban,Passenger,61.689228989308724,10.075861348995963,46.510572575240175,0.3563667098576302,0.3122809373403127,1,0.0399551485735431,21.9957259414649,1
2025-03-16 05:00:00,ST04,Suburban,Passenger,61.52362117276593,36.76471001067747,41.82485214808772,0.30927322700728643,0.36427607341199353,1,0.6095559419197601,27.857664666284418,0
2025-03-16 06:00:00,ST03,Urban,Passenger,71.7560468886154,46.02374103808866,42.07114995043371,0.4596581153780066,0.5389415001195176,1,0.608408870880069,30.33914777542349,0
2025-03-16 07:00:00,ST05,Highway,Commercial,75.06375529536744,34.36181277827709,45.39950856972653,0.39064320847251,0.2596699966400787,1,0.8989394479174483,37.34853127533257,1
2025-03-16 08:00:00,ST04,Suburban,Commercial,87.81169421657147,39.82103368560652,39.93390724870847,0.30389698001704823,0.11624837426668098,7,0.1900491282893566,50.747906637546365,1
2025-03-16 09:00:00,ST02,Suburban,Bus,60.45799380774908,21.126314104602283,32.43008124475458,0.26143578830605907,0.5497155636068606,5,0.371394242413544,40.25968980994035,1
2025-03-16 10:00:00,ST02,Highway,Bus,88.3279769824352,13.243921030698568,41.963847245601436,0.2617498798283281,0.4722228576096058,3,0.8595453887842788,41.50605268170535,2
2025-03-16 11:00:00,ST01,Urban,Passenger,60.31667374675796,33.92481477282317,43.93949539719539,0.19052171446049382,0.6253849649787696,4,0.474296502490115,48.89710658070551,1
2025-03-16 12:00:00,ST05,Suburban,Bus,43.32597933647403,19.74970426285485,33.183435185520594,0.10693038870227883,0.21736046066692793,1,0.05972328897194423,16.213291171002712,0
2025-03-16 13:00:00,ST04,Suburban,Bus,73.25125906028747,43.703308354540674,45.03262559122677,0.32996423528284247,0.7727399156718812,2,0.11078391159552858,31.03782925933145,0
2025-03-16 14:00:00,ST02,Highway,Passenger,75.27413949368886,10.518262249010295,52.02238055910034,0.1849658930092861,0.21697719076842184,3,0.8134545715784511,54.00776372237722,2
2025-03-16 15:00:00,ST05,Highway,Passenger,96.0724147373116,24.505866487990566,43.09673143354948,0.1833307670912166,0.8130748839040188,4,0.743697430028513,45.01222747093165,1
2025-03-16 16:00:00,ST01,Urban,Bus,83.56367956374847,22.85274202107736,53.76602939920304,0.1501524914705922,0.45961693807656245,0,0.8758815171667919,29.40543522115964,0
2025-03-16 17:00:00,ST03,Suburban,Commercial,95.06635914966637,47.212423409926835,64.75125711805342,0.1758381960706771,0.5398442074981559,3,0.11886116590914375,48.128143904435746,0
2025-03-16 18:00:00,ST05,Urban,Bus,94.50083261458057,11.891066027198175,54.91511913390168,0.11271565982205507,0.817265068771191,3,0.7604167437965275,45.90567740659885,1
2025-03-16 19:00:00,ST05,Urban,Bus,76.27444661549453,5.443107125540493,37.93198660397661,0.36969257989941284,0.33993043878165363,1,0.6551043649581891,16.707313601641722,2
2025-03-16 20:00:00,ST03,Highway,Commercial,71.66572392018685,15.713834576320291,53.817361633565014,0.2605588465250777,0.24546159699292122,2,0.23229324114104277,40.22684206789327,2
2025-03-16 21:00:00,ST05,Suburban,Commercial,73.446458029816,41.91245868958945,51.20418885995256,0.32460983950925804,0.4566012966555629,6,0.9739043855556111,69.69232374420034,2
2025-03-16 22:00:00,ST01,Suburban,Passenger,98.69984846063487,14.419481722115767,75.00625032613969,0.3547830472083199,0.29549378282216543,1,0.5703548191512311,48.094880169550024,2
2025-03-16 23:00:00,ST01,Suburban,Passenger,86.39006150481754,15.839512866746722,62.83676662314401,0.4889938249104637,0.5222751292322537,3,0.9068779753971353,60.70315464368902,2
2025-03-17 00:00:00,ST03,Highway,Bus,46.37595428754375,10.845446204156486,36.922205424498124,0.1273063463422004,0.32020629155545316,4,0.8590931342069864,50.27216354486945,2
2025-03-17 01:00:00,ST04,Highway,Commercial,86.705704406884,37.19462914744432,41.347270643215595,0.2671670739325752,0.7915916284763655,3,0.3331254605226116,34.73039158578273,0
2025-03-17 02:00:00,ST02,Highway,Passenger,50.23228293389355,8.112838572743772,21.83592854004259,0.19835917341059242,0.5858596738061808,4,0.5359568619868132,46.52506728632461,2
2025-03-17 03:00:00,ST04,Highway,Bus,66.84103294033754,19.904373604783473,35.74665904683878,0.29068477274272564,0.10019253579432182,1,0.4313682994046717,28.792730426954293,1
2025-03-17 04:00:00,ST05,Highway,Commercial,52.62758033059205,17.712442697943402,23.76670316584415,0.46818892024555525,0.7443789877438598,1,0.7090775702600757,26.113141826076024,2
2025-03-17 05:00:00,ST02,Suburban,Bus,81.3749839319938,29.982187840556968,49.57787538563196,0.3895937060992606,0.3641698693809168,3,0.5880420045434277,40.70201964549111,1
2025-03-17 06:00:00,ST03,Urban,Passenger,92.63858417158214,37.8687319258881,60.512594283296714,0.3647798345919574,0.35616638732396566,5,0.7848535330372413,55.37558979473285,1
2025-03-17 07:00:00,ST03,Suburban,Passenger,57.42171312200085,28.979439561353633,36.251214433682875,0.27649835057247096,0.40645024970757393,6,0.011752259597984538,42.82616012074795,1
2025-03-17 08:00:00,ST02,Urban,Commercial,44.92064447249126,46.89616968387804,22.626351370943237,0.36844499934977437,0.6042100224672645,2,0.6877932614145584,32.79161436884793,0
2025-03-17 09:00:00,ST01,Highway,Bus,57.9095858844978,47.81491874992994,44.21568366391234,0.11295015090976324,0.4536485683153785,4,0.31906515521965495,53.850985266824,0
2025-03-17 10:00:00,ST02,Urban,Commercial,80.34171147593166,21.265939782433193,32.81709416576917,0.3344954688119578,0.6029084372557619,2,0.22422213988941797,30.09452383770535,1
2025-03-17 11:00:00,ST05,Suburban,Passenger,59.725607653267,39.995616932370176,32.2043666712972,0.3215106250396993,0.2174245773086339,2,0.8012413663586723,34.57722187093091,0
2025-03-17 12:00:00,ST01,Suburban,Passenger,56.6867300532282,38.24606224706854,38.977624966568165,0.23865617278527715,0.8761315716192687,1,0.08922121118818538,30.21722275483993,0
2025-03-17 13:00:00,ST03,Urban,Bus,51.066111435055895,45.18340662671723,36.09207578030794,0.18060565016964336,0.6836850296670911,3,0.2284600450991412,42.23648051463125,0
2025-03-17 14:00:00,ST02,Highway,Bus,69.85098561246602,25.15746380934665,39.56691042906247,0.4230222203997204,0.3001656857427064,8,0.20373434109977817,54.56046848647668,2
2025-03-17 15:00:00,ST04,Highway,Bus,56.55692968943126,28.87129342390065,23.00531872353321,0.1215448457820386,0.6793359264598207,6,0.4198254450597019,53.8405836751219,1
2025-03-17 16:00:00,ST04,Suburban,Commercial,83.86062094836899,23.70984411117083,54.27605906116005,0.12786914576943512,0.5600203650093115,2,0.322336784557261,38.45893161479304,0
2025-03-17 17:00:00,ST05,Urban,Bus,44.59734411953217,43.266961368486754,18.964479731348884,0.2762086975936586,0.18735119712281173,2,0.7204683171096702,32.10682060656586,0
2025-03-17 18:00:00,ST04,Highway,Bus,79.84198198667906,15.336604191296047,35.381360369394905,0.20102181896344204,0.2425571414305009,1,0.6993698806014765,24.346220461789176,1
2025-03-17 19:00:00,ST02,Highway,Passenger,54.253600874066194,15.78690852091001,35.81281755432996,0.39818096540280823,0.13304651353717187,2,0.325470891106039,36.328627591235524,2
2025-03-17 20:00:00,ST02,Suburban,Passenger,69.35675566309618,21.76722966096859,36.411972858782434,0.3536760307684764,0.7473904573397449,2,0.4369807761457952,25.4073185778961,1
2025-03-17 21:00:00,ST04,Highway,Bus,57.165395321875636,15.365427444605803,30.824270634150267,0.4090139184506526,0.5413638020761881,5,0.20790818417977297,48.09778226058539,2
2025-03-17 22:00:00,ST02,Urban,Bus,83.36612056064774,30.245307638671434,49.57973521208375,0.22987158253512044,0.3533989189201695,2,0.6708349004962706,44.71494824651068,1
2025-03-17 23:00:00,ST05,Suburban,Passenger,96.7184224150982,11.052054792297604,76.54599239015836,0.39620757584714694,0.20107592162256005,6,0.3962227401325755,64.37500915781673,2
2025-03-18 00:00:00,ST01,Suburban,Bus,95.02460676818879,19.40837987318249,74.70614966051667,0.4449212944105596,0.4872367007683034,2,0.13282610444221532,55.058404724417514,2
2025-03-18 01:00:00,ST05,Urban,Commercial,75.00557290864546,46.10501143140155,42.49098705806929,0.2381097977674287,0.5202090773743511,3,0.12726549191151126,32.63825490287205,0
2025-03-18 02:00:00,ST05,Suburban,Commercial,67.7566181954187,23.415146608630817,34.29837891506415,0.23595832846473336,0.6615588007844042,5,0.3223206784211755,51.086974217925885,1
2025-03-18 03:00:00,ST02,Highway,Commercial,89.09803056636291,38.670517242207914,46.423358173428745,0.4599805615625705,0.8759497683576732,6,0.7473250286361958,61.40732083047326,2
2025-03-18 04:00:00,ST01,Highway,Bus,80.9995817576638,10.105798626795831,41.108301797214274,0.11991610127508366,0.44795642432589977,2,0.025504336131500382,24.577839296368527,1
2025-03-18 05:00:00,ST02,Urban,Passenger,51.01384685301597,16.14040286638031,31.26630117868266,0.24007576229233774,0.42482736527549547,2,0.25777469318288215,23.144800923956062,1
2025-03-18 06:00:00,ST03,Highway,Bus,89.25515281678001,41.33055295401658,57.368207080165455,0.14746899682872164,0.39594400367209803,3,0.16248615888875728,64.82295871707993,1
2025-03-18 07:00:00,ST02,Urban,Bus,65.73306336368262,39.33468213303623,39.144811944418116,0.1115922360999905,0.7615391271734889,3,0.9564778213056149,55.67391926479842,0
2025-03-18 08:00:00,ST02,Urban,Passenger,51.339139598270506,22.37701633672195,28.914087646814302,0.14514776705872887,0.2250537771193903,2,0.7052816039710263,30.45646891330262,0
2025-03-18 09:00:00,ST02,Highway,Passenger,56.907841023789544,47.94786059150634,27.572646541009988,0.27249831647211076,0.3750503229080716,1,0.23323268411894615,23.241841552432152,0
2025-03-18 10:00:00,ST01,Urban,Passenger,56.05162181490054,45.978935712554545,33.238737098650276,0.37478242769111636,0.6799766439003128,2,0.2074605854361946,34.70914373823587,0
2025-03-18 11:00:00,ST02,Highway,Commercial,71.1524184762076,48.30353371005079,38.16908060482007,0.2157129697767852,0.1125559482739572,4,0.8580305453872766,41.20546007800621,0
2025-03-18 12:00:00,ST01,Suburban,Bus,54.06220544067253,24.256161058450342,33.33682024648507,0.4398701229604499,0.33150457888455576,1,0.1902266964164131,27.020357983564352,1
2025-03-18 13:00:00,ST04,Suburban,Passenger,47.413989244094566,13.886311265855737,31.77096517155568,0.27504625149534,0.6131577302037678,3,0.9970592001972269,45.79191555428745,2
2025-03-18 14:00:00,ST03,Urban,Bus,47.421451036825644,33.19963875911034,30.981613323158786,0.4872912203846974,0.24876167840064378,6,0.2823031200113997,50.12306157907452,2
2025-03-18 15:00:00,ST01,Highway,Commercial,74.9965718283458,35.81479212256393,43.87270084517426,0.48166226777748,0.342168455299417,5,0.08433271486953497,54.73440531167561,2
2025-03-18 16:00:00,ST04,Highway,Commercial,84.08555733096271,10.6448803002734,52.33661413271048,0.40931048906672607,0.4888360595865834,7,0.6909418940168581,68.84094579409152,2
2025-03-18 17:00:00,ST01,Suburban,Passenger,59.29198053030045,40.391736543315766,30.472665880465012,0.4729621984586473,0.43761885277574974,6,0.6096427925841738,56.85924525285204,2
2025-03-18 18:00:00,ST01,Suburban,Passenger,42.07904258884103,5.812709889198223,17.23961979224348,0.38283843046444466,0.1848217519643031,3,0.9998221653614567,34.799532984447346,2
2025-03-18 19:00:00,ST03,Highway,Bus,47.63349321622064,26.722777436455253,30.96214125853718,0.45823327599647257,0.8505882578045061,4,0.8020857443719751,35.83344001425346,2
2025-03-18 20:00:00,ST05,Urban,Passenger,94.88167362022342,19.89573167727027,47.538320486022215,0.19458948694652262,0.13543417646567424,1,0.4288365331332391,37.75233471430005,1
2025-03-18 21:00:00,ST05,Suburban,Bus,69.61261957536718,38.31363769545878,46.47209588315217,0.23816808007071946,0.6997942051382544,2,0.6766114481630836,46.51189672032007,0
2025-03-18 22:00:00,ST01,Urban,Passenger,67.21436857691049,19.074232733981717,46.969629279562156,0.4011720264019446,0.15713821687292598,2,0.817849453603352,40.90729625165903,2
2025-03-18 23:00:00,ST02,Urban,Bus,42.282950698605454,42.20632007514648,32.404431372238584,0.26982449528262287,0.4738366424200635,7,0.5137265254432951,49.64401716889108,0
2025-03-19 00:00:00,ST04,Suburban,Bus,83.71822133901395,31.772906995136474,65.5722230403724,0.43493097352980714,0.24032903332432884,7,0.2728714507352116,74.85519882077857,2
2025-03-19 01:00:00,ST02,Urban,Bus,71.68408485592474,40.725201279293245,28.97545394111471,0.4510555486351101,0.21287823714314025,2,0.21010564228636963,28.171167517643767,0
2025-03-19 02:00:00,ST02,Urban,Bus,52.12485616519125,49.52032870278307,41.499187751006694,0.21989179388836996,0.20071838123338007,5,0.2952814366136144,50.18747130737164,0
2025-03-19 03:00:00,ST01,Highway,Commercial,46.60442561086343,35.56212555846005,31.374440810392635,0.4293803232758294,0.46222930935627393,4,0.8480687816698051,45.11300555671973,1
2025-03-19 04:00:00,ST01,Urban,Bus,63.00327181791991,49.32276423627398,41.418959766149456,0.16170570842606002,0.5123879275098339,5,0.3804323724887353,54.5523556309287,0
2025-03-19 05:00:00,ST01,Highway,Passenger,90.22971785170154,6.297634711476741,36.640956455531814,0.23367868461473962,0.20670759483427192,2,0.28666415856631744,32.62680115132669,2
2025-03-19 06:00:00,ST01,Suburban,Commercial,91.91767355206147,20.21629948177138,68.43209806319788,0.3071859804485556,0.8835165842129916,2,0.805887227795081,49.90031715447051,2
2025-03-19 07:00:00,ST05,Suburban,Commercial,76.1707828237382,9.853396905303912,34.901192101905494,0.1905775048415569,0.3062127094897785,0,0.031920341774543504,10.0,0
2025-03-19 08:00:00,ST01,Highway,Bus,83.65218563380856,16.80372191229978,61.47867324296032,0.3317071318300797,0.46707307168222656,3,0.5939582709303421,49.371286828681086,2
2025-03-19 09:00:00,ST05,Suburban,Commercial,46.909347244172224,42.74995546065985,19.05575045225033,0.3314780314870587,0.2730156460815264,3,0.8736318031862716,37.81198743039866,0
2025-03-19 10:00:00,ST05,Urban,Bus,75.2875639280713,6.454546939674064,49.56825585449053,0.1827611579403623,0.49513811635963645,3,0.4100837490556074,42.211157739687145,2
2025-03-19 11:00:00,ST01,Urban,Passenger,80.01794220923091,28.408232107957716,45.92394648436398,0.4182565379541827,0.7048132659721457,5,0.26931816135928444,55.1944015480651,2
2025-03-19 12:00:00,ST03,Urban,Bus,52.04277057482753,30.520791838956786,24.996490957728426,0.35265779576459877,0.5168816114355962,4,0.4917090694359564,30.34409516607292,1
2025-03-19 13:00:00,ST04,Suburban,Commercial,92.80928397461554,30.251801600238025,41.11679189125705,0.22710420272998172,0.3285190965744442,3,0.7174771676920794,37.67486675478962,0
2025-03-19 14:00:00,ST02,Urban,Passenger,51.699804251261185,26.388368322046507,29.781728003305904,0.19287391338811677,0.2987172869871505,3,0.5166055630351994,29.70841423380071,0
2025-03-19 15:00:00,ST05,Suburban,Bus,58.808641590787026,40.57713341463899,26.424035400799223,0.45150005553379746,0.7071475249816428,4,0.00763899462577311,33.965285986591425,1
2025-03-19 16:00:00,ST04,Urban,Passenger,77.23341082140752,11.009439027749803,45.92133672992956,0.43429689808986105,0.19459054058101063,4,0.07832455610801592,52.703980750564114,2
2025-03-19 17:00:00,ST03,Highway,Passenger,78.30100390784385,18.97596569978543,50.9024509042686,0.19190426994221055,0.39597319552469556,2,0.7213284230897014,53.88601113903631,2
2025-03-19 18:00:00,ST02,Suburban,Commercial,81.96308445924203,32.707672405032774,59.91121800004951,0.11424209060660351,0.2211861733231083,3,0.3999513348754986,54.242815049859416,1
2025-03-19 19:00:00,ST02,Suburban,Passenger,46.72070278409234,36.09281148205801,31.37107257332184,0.4218130382972496,0.30638066343558557,6,0.7847758312702351,43.74374206736975,1
2025-03-19 20:00:00,ST05,Urban,Commercial,90.96786579571332,23.186679429967533,38.7595797693401,0.3462034221060173,0.22214658598796178,3,0.649489914105909,37.114283860956576,1
2025-03-19 21:00:00,ST01,Suburban,Passenger,71.97082793699559,44.391706849725495,37.638800735692314,0.14035281122138388,0.8094180068339414,1,0.5815158343218788,14.440304542627766,0
2025-03-19 22:00:00,ST03,Suburban,Bus,68.2793076463041,23.697202851316145,35.17691504515268,0.33494328248755806,0.6855233592104255,3,0.9013751683784113,42.428222992038826,1
2025-03-19 23:00:00,ST05,Highway,Passenger,98.86585747081057,23.124926045674993,75.73252905234928,0.2808730741446777,0.5487417968354091,3,0.02132207348071269,61.20389065122181,2
2025-03-20 00:00:00,ST03,Highway,Bus,84.42269781646118,6.629326766932323,63.07327964831295,0.40982013098947667,0.2795401779964265,2,0.1550343613978017,47.164520123648934,2
2025-03-20 01:00:00,ST01,Urban,Bus,47.080361597162494,29.801360128763022,25.80282377501484,0.18363393686349203,0.508181461759356,4,0.6243759554919758,30.317833906422194,0
2025-03-20 02:00:00,ST01,Highway,Passenger,85.39235003357444,36.89063773303573,36.58738582025135,0.2812626977220106,0.5166665651580579,3,0.06582804655009544,40.89558560455723,0
2025-03-20 03:00:00,ST05,Urban,Bus,45.71493603837217,10.149717358258165,34.63559795330243,0.16249764570076672,0.572322980523125,1,0.6449704850606913,34.78890166235013,1
2025-03-20 04:00:00,ST01,Urban,Passenger,41.64823375077909,18.744474473954188,31.455910610770022,0.4830108911243387,0.14806812577818518,1,0.9841210770252677,38.284806999005404,2
2025-03-20 05:00:00,ST04,Urban,Passenger,64.21755371619383,40.156562920228346,47.64290374543433,0.41149526277006565,0.878321576957365,2,0.8788080989945338,48.155075425151196,1
2025-03-20 06:00:00,ST02,Suburban,Bus,99.61469036915312,21.466374593610894,73.51889441953278,0.39468897060055863,0.4723511764802585,4,0.5909169240254285,60.03793726156498,2
2025-03-20 07:00:00,ST05,Highway,Bus,50.493036171691756,15.872110791801795,29.897007528053866,0.37608266600832085,0.8412254192792826,2,0.8939766743059622,24.613697388761718,1
2025-03-20 08:00:00,ST03,Urban,Commercial,80.3586606116074,35.24902986043005,37.846732214595846,0.2693345769865527,0.1078464917711811,4,0.11626815126626522,45.94067861051015,1
2025-03-20 09:00:00,ST04,Highway,Bus,50.40376397236716,13.854144995224503,29.788383587000443,0.46931296628125796,0.2980467165082471,2,0.45469416492556414,33.324130768535895,2
2025-03-20 10:00:00,ST05,Urban,Commercial,83.48721849750316,45.304381381242955,49.9119242583051,0.12916680477080217,0.1831964562506685,5,0.42867611581207576,44.38306721618263,0
2025-03-20 11:00:00,ST01,Highway,Bus,70.32122009426956,9.751927821176343,41.90952749814912,0.4213036286715808,0.7156929418838173,5,0.33644758699299104,44.49774832642326,2
2025-03-20 12:00:00,ST01,Highway,Passenger,80.79830260536258,36.794741102727215,49.73208522150621,0.18609309284229308,0.356100039675769,1,0.00020139813431041542,25.18701806318191,0
2025-03-20 13:00:00,ST01,Urban,Bus,52.172390554854076,27.479691557886884,26.245989355019855,0.22961118225353921,0.7723940067325976,4,0.8910290186112522,45.67064077472399,1
2025-03-20 14:00:00,ST01,Suburban,Passenger,84.73769995123013,44.14683030786471,46.30885410716581,0.3077718915869233,0.7659082925726856,1,0.777706610152795,35.85399178833652,0
2025-03-20 15:00:00,ST03,Highway,Passenger,99.7371435773624,10.678779096180648,57.21666961575546,0.41306200442223184,0.6342358342452559,4,0.6528575155997888,53.81850015288417,2
2025-03-20 16:00:00,ST04,Suburban,Passenger,79.93903003755759,35.50527133232396,36.16829293746318,0.4354139630614947,0.6326254428351816,5,0.12896684385163404,42.27641911571522,1
2025-03-20 17:00:00,ST02,Suburban,Commercial,69.60879988437266,30.742458763162166,40.52246032063388,0.33349290006404997,0.660127753658508,2,0.3782051336915041,28.41494351450212,0
2025-03-20 18:00:00,ST03,Urban,Bus,95.39043931715588,26.60405640080209,69.08059685705258,0.2612141955738741,0.6390110677038197,2,0.9243269973678312,58.610477807449186,2
2025-03-20 19:00:00,ST03,Urban,Passenger,40.951110533912576,27.113326854470078,29.94442735881108,0.4786009685612841,0.4095266861474792,4,0.6169296050695466,37.507061991941896,2
2025-03-20 20:00:00,ST02,Urban,Passenger,83.79541115714926,37.48896328093389,47.31302665639332,0.19860851833574733,0.6462621156548367,4,0.603410536526025,55.50249978247562,1
2025-03-20 21:00:00,ST02,Highway,Commercial,93.32479100882878,47.198374472066995,56.69698732309772,0.42123783035225415,0.8179255753538869,4,0.9131265747570346,50.51456842330343,1
2025-03-20 22:00:00,ST01,Urban,Bus,43.700475017257446,9.106324660357163,18.068404206419164,0.3448198485792613,0.366058793501299,1,0.5598337248996377,17.17268107934028,1
2025-03-20 23:00:00,ST03,Urban,Bus,67.0038502249455,5.87761914247341,44.87737129015778,0.25075800675408555,0.8559112209719629,4,0.5976232485569792,58.23908441031186,2
2025-03-21 00:00:00,ST05,Highway,Commercial,52.28316723699994,41.256715661654155,29.374897712073924,0.10054719374541472,0.11086527031901579,3,0.3457156944762173,34.31771736003159,0
2025-03-21 01:00:00,ST02,Highway,Commercial,73.9910899352698,9.86762243978417,42.78098769937811,0.27863972053945074,0.3792660306121898,4,0.3714409292323716,42.65216885644164,2
2025-03-21 02:00:00,ST02,Urban,Bus,78.97257751621963,49.40135582361907,59.187505874892246,0.2106879990169197,0.20567872138299217,3,0.6856068624141526,48.309388622832046,0
2025-03-21 03:00:00,ST04,Urban,Commercial,58.1573909757253,32.87067120314768,34.00659070100785,0.14173864533022426,0.20129586323601895,2,0.320435216631312,25.86067725145967,0
2025-03-21 04:00:00,ST05,Urban,Bus,67.59890018068606,34.28898778643633,27.61258908721888,0.13006342613523394,0.7523435952092546,4,0.5591079205878501,41.66585861522059,0
2025-03-21 05:00:00,ST05,Urban,Bus,56.760369116593566,13.950126632210782,27.8691344211937,0.2390233309246408,0.8346946518000984,6,0.27919669115657963,51.219516367684534,2
2025-03-21 06:00:00,ST02,Suburban,Passenger,62.16346986730683,15.81405396335035,36.6918790372513,0.34590295549625943,0.7222066033863885,4,0.16612523795444534,41.263678105500446,2
2025-03-21 07:00:00,ST01,Suburban,Passenger,49.572397401305416,34.67076363946626,28.24429563243064,0.43500772614590943,0.8812925751940479,4,0.45440245893870146,38.370084967713204,1
2025-03-21 08:00:00,ST04,Urban,Bus,93.13356661513788,45.93770770703886,69.30516244368994,0.17342529797893075,0.27306317613301656,0,0.21744601241410721,39.834884894771534,0
2025-03-21 09:00:00,ST05,Suburban,Bus,40.600624633548186,49.2075749532905,25.04469845946184,0.26985758852361985,0.21263992976775237,0,0.8984943050815408,14.48450175656788,0
2025-03-21 10:00:00,ST02,Highway,Bus,92.94455118662731,13.911392598399214,62.816974280473985,0.2567824560568609,0.5165630256316909,5,0.3036129658270329,61.33502713959664,2
2025-03-21 11:00:00,ST05,Suburban,Bus,74.30073270098431,11.035383021940557,43.66871901798234,0.30535760368340625,0.7632300917940944,5,0.5974020955393211,54.98165223293058,2
2025-03-21 12:00:00,ST04,Suburban,Bus,59.89947065062105,7.538061099235572,34.49384655571011,0.4238349083238212,0.13187127267044776,3,0.2634418405452039,36.21810683952394,2
2025-03-21 13:00:00,ST04,Urban,Bus,83.38342752761979,44.073365817259756,48.2385358419575,0.32145808719969393,0.8964525287999056,4,0.2580192627247665,43.923313131253074,0
2025-03-21 14:00:00,ST03,Suburban,Commercial,70.46512911175986,18.262168108541093,39.768308230017304,0.43866196540091773,0.5817967433642582,4,0.35063608147840786,39.515298959383905,2
2025-03-21 15:00:00,ST02,Suburban,Bus,69.9465194864564,5.081541524116325,43.04742111207565,0.3074207024275911,0.883153449745102,3,0.9158745673209491,39.17831217063592,2
2025-03-21 16:00:00,ST04,Suburban,Commercial,46.60853697513799,15.071813872539298,23.312535010380063,0.34153894607250856,0.39206530658702154,1,0.39149773828526657,27.924152750138717,1
2025-03-21 17:00:00,ST03,Suburban,Commercial,63.370961556724524,20.31984860447383,47.93519439623771,0.27495329699719595,0.4664190564268714,5,0.8212664694241444,56.90187532802685,2
2025-03-21 18:00:00,ST03,Highway,Bus,54.4638607514042,49.59437762735084,29.04199426443762,0.4292382321182535,0.7018891539179137,1,0.19729807453843295,19.37499646552382,0
2025-03-21 19:00:00,ST05,Urban,Bus,40.94175433577678,28.559371723568674,18.792655565335036,0.46953088254586106,0.734160360449055,3,0.04816954313643107,22.271873827181285,1
2025-03-21 20:00:00,ST05,Urban,Commercial,61.60597784692679,14.212127641779558,27.021625797011865,0.3556578952492583,0.28642644268019224,3,0.7816779213014415,31.545127902681255,2
2025-03-21 21:00:00,ST03,Highway,Commercial,45.38932776553629,20.066825512105297,18.399433943797092,0.4283129796691616,0.8438408690461782,4,0.5418748974571014,31.939946273092048,2
2025-03-21 22:00:00,ST05,Suburban,Bus,55.40980226351111,19.86384594005953,31.536069585129848,0.12360133359964012,0.7939384974677829,6,0.5037258130269214,56.861441280233336,1
2025-03-21 23:00:00,ST04,Highway,Bus,45.55099727098567,5.8876585908428964,21.638745959290095,0.46244470057866305,0.11456424248255886,1,0.2722058492494136,21.449987831054155,2
2025-03-22 00:00:00,ST01,Suburban,Commercial,46.05649753338393,11.083237437714352,18.82140964219858,0.17557002673564984,0.20285448468414646,2,0.07231701485935182,24.276342015227325,1
2025-03-22 01:00:00,ST04,Highway,Commercial,51.9406776649113,36.2838406866445,31.580338119275552,0.20260817093032318,0.4968776851256539,3,0.482860036332846,40.415201458141674,0
2025-03-22 02:00:00,ST03,Urban,Commercial,99.99095466918402,10.411294395683058,67.19306356133595,0.1213320272826985,0.46876441129054613,1,0.8672263587993717,58.2679460371721,2
2025-03-22 03:00:00,ST03,Urban,Passenger,40.131048571434924,15.383042447275345,17.428931264240017,0.48616004678962366,0.6667126840278683,4,0.12002201370348586,30.053286680071253,2
2025-03-22 04:00:00,ST04,Urban,Commercial,78.32035816722431,20.783178428193896,45.76793527560237,0.4408043397953506,0.17176910084242725,2,0.9291708793471722,40.03573677404271,2
2025-03-22 05:00:00,ST05,Suburban,Passenger,48.47462188159344,39.098072502603216,33.808696358829444,0.4652738416364336,0.6158842453577013,3,0.2747290802416147,36.837525355733135,1
2025-03-22 06:00:00,ST05,Suburban,Bus,95.23768820264655,31.20804341905729,75.64946033995565,0.43888646710400603,0.5930959449076659,3,0.5321862928286623,61.38997614284405,2
2025-03-22 07:00:00,ST03,Highway,Bus,45.617973600017756,36.004999324485574,30.42153805124354,0.29181222108851557,0.2868956787824355,4,0.06650839546658183,35.70562383643105,0
2025-03-22 08:00:00,ST02,Highway,Commercial,97.30379122757418,30.51555464390775,48.45104310551872,0.4696327736363054,0.5339151714147196,2,0.42504659380264576,34.00616656376962,1
2025-03-22 09:00:00,ST05,Urban,Bus,76.65558324900869,35.76165913498411,52.63336817418719,0.4877891281708754,0.27776576559678556,3,0.12589788640716348,43.50564683179356,1
2025-03-22 10:00:00,ST04,Suburban,Bus,40.076084614929414,5.12789691487876,25.61550196716687,0.301026790715759,0.2175384216804851,6,0.04797378607720748,46.00994050847894,2
2025-03-22 11:00:00,ST05,Highway,Bus,93.64043187500836,46.89041649671432,45.38936349144161,0.17024991253153526,0.5585079477232564,1,0.9665576934276497,39.09719955107766,0
2025-03-22 12:00:00,ST04,Suburban,Bus,71.3027080820151,9.991410389366294,52.79568593714644,0.3634490035852378,0.8819794226404563,2,0.7300945354641326,34.510591811059896,2
2025-03-22 13:00:00,ST03,Suburban,Passenger,55.76018411982908,23.281209318960716,31.83693347026808,0.49017531594142827,0.28954667933739603,4,0.7190577210136607,35.15859644772198,2
2025-03-22 14:00:00,ST05,Urban,Passenger,86.0367506509378,39.69672666101847,67.5208729052287,0.44885874394354996,0.38426891948412156,3,0.09054968948375208,53.24985475382375,2
2025-03-22 15:00:00,ST04,Urban,Commercial,95.5999332332122,24.585382310424077,65.88368851177664,0.444726070458363,0.3052585807920374,2,0.9293505244877419,50.3737953315262,2
2025-03-22 16:00:00,ST03,Suburban,Commercial,69.02144938880764,47.607914825038215,45.404053017647264,0.4735272067229128,0.31316785731719576,2,0.4694685150098856,48.51957457268414,1
2025-03-22 17:00:00,ST02,Suburban,Commercial,58.93320846658665,26.041502682444502,40.74295122992911,0.4575809042210188,0.4233537073493445,2,0.8522840680574311,45.60011995830922,2
2025-03-22 18:00:00,ST04,Suburban,Bus,87.33670743609561,44.37227325212021,51.63685075787685,0.41051266560731714,0.6614844085204961,1,0.012601101113770774,24.603786636684028,0
2025-03-22 19:00:00,ST02,Suburban,Bus,80.90712986730728,41.48726510130219,48.71342164768382,0.3873091328647309,0.13104361922475613,3,0.29820648133750693,47.471352056866195,1
2025-03-22 20:00:00,ST02,Urban,Passenger,93.32514902501634,49.14438362594074,69.10568204913665,0.20590686949790174,0.8656993565484482,3,0.9960471221264656,67.51619659686078,1
2025-03-22 21:00:00,ST01,Highway,Passenger,81.55084076567158,46.69465013379389,54.83245417211506,0.3485360085713797,0.13702390359139802,5,0.42783804269539916,54.46823934961753,1
2025-03-22 22:00:00,ST05,Urban,Commercial,54.61170033397218,45.41557256207954,41.44467357439795,0.3085954486823558,0.8050025455556478,4,0.8884935388643547,49.176384071906256,0
2025-03-22 23:00:00,ST04,Highway,Passenger,95.89955498554114,37.92219532337607,72.53177768901114,0.44477763663239644,0.8155024790095992,2,0.3279983483710397,46.80568708565198,1
2025-03-23 00:00:00,ST02,Suburban,Passenger,46.29014483235948,21.514916627069933,36.59680397424937,0.2966850293960288,0.5195913500732187,1,0.5253291322682063,22.93841111519613,1
2025-03-23 01:00:00,ST01,Highway,Passenger,56.076565006410874,9.77564383542061,38.13687913663723,0.15109710541707566,0.20959746289517397,3,0.8542190659259605,50.49551996292139,2
2025-03-23 02:00:00,ST03,Urban,Passenger,71.21167646343314,35.98902735189755,42.792569547435136,0.10198899412893968,0.5521167764455551,5,0.6058205602039354,39.50462123804434,0
2025-03-23 03:00:00,ST04,Urban,Passenger,73.94452156425407,49.039433660208424,34.49694426670093,0.3711492481874661,0.6029057279222798,6,0.7251923426447117,51.12748969317684,1
2025-03-23 04:00:00,ST02,Suburban,Commercial,40.91863519761433,37.6971996799341,27.912737997326417,0.3199633548508646,0.7862071662456891,3,0.2288332042195641,29.132404360965594,0
2025-03-23 05:00:00,ST05,Urban,Commercial,86.8343635492564,46.7928216174801,44.86133160370013,0.23238516174337934,0.5407163006156558,5,0.15589043745513942,49.77550995441893,0
2025-03-23 06:00:00,ST01,Suburban,Passenger,61.69643910552337,41.19371208299825,31.661318602797806,0.16758886001515616,0.42856751672267057,7,0.230306443409656,46.935242468907795,0
2025-03-23 07:00:00,ST02,Urban,Commercial,64.38511246012827,12.340160380250545,31.890919097844417,0.28668612896156087,0.7706329550832911,1,0.4930486462870568,32.65061794888457,1
2025-03-23 08:00:00,ST05,Urban,Bus,88.56217266621675,16.214169676607927,66.42595336535629,0.14011458899156226,0.8847614378820952,3,0.8009647647678183,47.04312581530751,1
2025-03-23 09:00:00,ST02,Suburban,Passenger,62.75700350365267,20.383952079305764,46.891140530052326,0.23444339568845726,0.6160825641263467,5,0.3539938504762663,42.879146282222194,1
2025-03-23 10:00:00,ST04,Highway,Bus,42.83349258968529,12.571719995210186,27.944064185734945,0.25168476249425376,0.7995096298422476,3,0.5648157819919711,34.91045546233752,1
2025-03-23 11:00:00,ST04,Urban,Commercial,50.586386228221016,31.174309970285304,29.80511393217763,0.2862474779351849,0.5789880902632514,2,0.8048124609782379,26.5159161646379,0
2025-03-23 12:00:00,ST04,Highway,Commercial,97.35419034329094,48.895273586072804,65.11493976969106,0.28664830053553875,0.6518303931282445,7,0.23877646609264191,70.98402431462573,1
2025-03-23 13:00:00,ST01,Urban,Bus,44.22432174415085,39.26564750462714,28.431452930668296,0.20280225738971092,0.6505336940391351,2,0.8829757349198094,29.345015332327968,0
2025-03-23 14:00:00,ST04,Urban,Commercial,61.295872058080974,24.052403708035783,34.71146614138952,0.440084392640795,0.6638295894722123,5,0.9530823122223833,55.92353381322186,2
2025-03-23 15:00:00,ST05,Urban,Passenger,70.19075002308068,5.20270164411299,38.734930137524046,0.24221740250269824,0.35681075514290694,3,0.038970135799321626,30.117823397797043,2
2025-03-23 16:00:00,ST02,Urban,Bus,69.59684964031361,19.097420501218043,38.49525101898937,0.19183492355700654,0.5605291170173698,3,0.0591111100847872,42.06149047177393,1
2025-03-23 17:00:00,ST03,Highway,Passenger,40.237596580728564,28.704167946149685,25.577163515661184,0.1703239533642361,0.5753084671790364,4,0.09095971874621689,36.845216517645866,0
2025-03-23 18:00:00,ST05,Highway,Bus,70.06976388744943,19.59128932333868,46.180721099188844,0.22903135780133424,0.35205730137058555,3,0.7767684085096447,42.06756816628461,1
2025-03-23 19:00:00,ST05,Urban,Commercial,63.02634747864455,9.996571536073679,36.5991920825284,0.12702115319101376,0.37988189416293094,4,0.1893369451789777,43.31419751621764,1
2025-03-23 20:00:00,ST04,Urban,Bus,98.32476012847343,24.924423058785255,77.42844584366958,0.11316300919238867,0.7097974120133718,6,0.725695986465907,76.70126249953611,2
2025-03-23 21:00:00,ST01,Highway,Bus,49.54954503962979,16.39637676345723,21.48162488810917,0.3420568787211471,0.5661790724937993,1,0.4412760698718864,24.081125770356323,1
2025-03-23 22:00:00,ST02,Suburban,Passenger,61.2492518055697,45.91545694076756,33.00224899463467,0.34765885441967603,0.21936891837053488,3,0.8362550093714026,42.86089291002298,0
2025-03-23 23:00:00,ST01,Suburban,Commercial,65.16888910538918,9.578953782545709,36.991808262746865,0.3118352810553159,0.7701095909462978,1,0.8085554128042612,33.37789257331794,2
2025-03-24 00:00:00,ST02,Highway,Passenger,63.441612226056925,7.2118682926119675,25.80605181460151,0.40491407809268976,0.8064914296594557,2,0.959662561382447,32.822911791621294,2
2025-03-24 01:00:00,ST02,Urban,Commercial,79.94984965911175,5.2391376119687925,43.65124877807944,0.1156602177108312,0.4729129183662514,5,0.25103785047641103,53.85837283644711,2
2025-03-24 02:00:00,ST01,Urban,Passenger,52.93077145286613,19.7631358018546,26.967379409249915,0.47438924328378707,0.2671259456183416,6,0.22923916277203216,51.629064289745926,2
2025-03-24 03:00:00,ST05,Suburban,Bus,53.26429316883951,34.71740771903998,32.08718296812086,0.13802604930282422,0.8580851963239242,3,0.03150797528859928,32.04150624144092,0
2025-03-24 04:00:00,ST02,Suburban,Passenger,83.75265691005119,37.86861887968067,44.771173619685655,0.3696091977574375,0.805815651615661,1,0.4104160954265289,34.520490596201164,0
2025-03-24 05:00:00,ST01,Highway,Commercial,70.01743112069079,25.39677575217754,48.34513549415233,0.15335863557632373,0.2955053970734708,7,0.4590631687554171,68.44949049481747,2
2025-03-24 06:00:00,ST02,Suburban,Commercial,64.90934056343863,35.794789270487,39.20348902888713,0.45196217332311694,0.17647498904215794,4,0.9645138334294381,57.281517983328115,2
2025-03-24 07:00:00,ST03,Highway,Bus,50.152183100635106,21.196131629691354,22.66401695779485,0.3042853147780125,0.4525228860392855,4,0.8307852941719731,46.80047869051629,2
2025-03-24 08:00:00,ST05,Suburban,Commercial,51.25163337473,35.05127989939776,35.877400547336244,0.13291741640719043,0.6411175891949916,0,0.16679171804992354,24.755901683563184,0
2025-03-24 09:00:00,ST04,Suburban,Passenger,40.63309820895403,6.8268193386068035,17.86603027545901,0.3466896450800294,0.24031086817595526,2,0.7984893626082008,24.84729655151112,2
2025-03-24 10:00:00,ST02,Suburban,Bus,45.48557613170256,22.583884305515188,33.460084377847146,0.10364397755288067,0.5105701267453985,3,0.17829928083575586,26.94866340319203,0
2025-03-24 11:00:00,ST03,Urban,Commercial,73.41032168141447,40.58823549349306,56.71452982819709,0.41040887137609783,0.4403323954180134,2,0.07776506985777709,41.93140105963855,1
2025-03-24 12:00:00,ST04,Urban,Commercial,93.5123878005046,41.13527137065506,49.466006728286764,0.3602339946584494,0.8124409190155725,3,0.8370827514567365,50.862465969308275,1
2025-03-24 13:00:00,ST04,Urban,Passenger,57.22988590783345,37.22669504940626,44.09316925754057,0.18504989974540292,0.44365330624570287,0,0.9759595818569281,29.82146949742346,0
2025-03-24 14:00:00,ST02,Suburban,Passenger,59.66483355376769,14.190737925643898,42.79181334983747,0.24990036647043748,0.5270211149880301,3,0.0881185445278041,30.605851894780347,1
2025-03-24 15:00:00,ST01,Highway,Bus,46.93633663669073,16.124230351878495,36.09283400017407,0.10312267779555612,0.8642289568014578,3,0.8139248762184821,49.46463332604401,1
2025-03-24 16:00:00,ST02,Highway,Commercial,63.317856736426165,49.82399272690305,42.20186152549578,0.37747352598848205,0.33975341269965165,5,0.8592126486431675,56.8210268414091,1
2025-03-24 17:00:00,ST03,Highway,Passenger,42.23330227415975,9.652010324088195,20.87413128805947,0.2290672550038877,0.3311927455535531,2,0.11875558426644217,15.583391253235202,1
2025-03-24 18:00:00,ST04,Highway,Bus,95.05604177571402,13.129821450608421,72.03435198114815,0.3286355661186877,0.7396760639536342,0,0.28325347177194604,38.21481324125286,2
2025-03-24 19:00:00,ST02,Urban,Commercial,80.38668088747173,10.851181504255967,38.07965550572599,0.48269105116578515,0.3220311889151749,1,0.7336606390130649,24.65800992033959,2
2025-03-24 20:00:00,ST01,Urban,Commercial,99.44492856359312,19.7444733657627,48.2530879357007,0.219786685179034,0.7654926960585641,3,0.8077302795825284,50.612767936424866,2
2025-03-24 21:00:00,ST02,Suburban,Bus,92.96938976070962,14.45791258552655,47.267980216309,0.4960951536349273,0.17642848748931597,2,0.35397412204966516,46.42413874153295,2
2025-03-24 22:00:00,ST05,Suburban,Bus,68.37943562188916,27.395958179649746,35.67345067655333,0.35309135440302664,0.18900899784757474,5,0.1599293996795209,43.505904222989365,1
2025-03-24 23:00:00,ST01,Highway,Passenger,71.18110186902261,26.420931809605396,43.120931874035925,0.196835466514202,0.8210586993302175,3,0.648344476009238,42.58148196253892,1
2025-03-25 00:00:00,ST03,Urban,Commercial,51.43456279103163,45.56775287530864,35.252372078000064,0.27471115320850314,0.5326498259859482,3,0.7019686032434781,38.26443789090733,0
2025-03-25 01:00:00,ST04,Highway,Commercial,67.72236057037334,6.563297635015166,52.17894580814547,0.39618124895343587,0.675051413355391,5,0.5036078538950279,55.00356884104052,2
2025-03-25 02:00:00,ST02,Suburban,Commercial,94.1816724095687,19.394580950049352,41.00434891547745,0.2785911630732325,0.2802311134900355,2,0.14494106764001558,28.071958528104265,1
2025-03-25 03:00:00,ST01,Suburban,Bus,43.051205418149266,31.84960513986906,33.65518275049006,0.12740302693662098,0.23301949470568664,2,0.8444867443226121,42.182673118467335,0
2025-03-25 04:00:00,ST05,Highway,Passenger,91.81340817989857,32.21607928297837,70.56128392938943,0.16744146455301695,0.7679634097861121,2,0.6452659590665166,52.70844156385362,1
2025-03-25 05:00:00,ST01,Suburban,Commercial,60.45686809855658,26.605680305639414,25.48859847334443,0.41651909831357825,0.38689872561859906,2,0.8691642488308352,31.752856269400624,1
2025-03-25 06:00:00,ST05,Highway,Bus,93.97076590577859,41.704949336658515,51.1321676746785,0.35934923028722454,0.46402609529759553,3,0.9329690744900826,48.76550680497297,1
2025-03-25 07:00:00,ST03,Urban,Commercial,96.45279438048908,7.8224977136506455,69.95309864275391,0.32793019093285347,0.12237751782028719,2,0.8056978554380688,46.66904560635634,2
